,RunId,iteration,Step,num_ants,num_sticks,neighType,stick_min,stick_max,width,height,Average,Median,AgentID,Sticks
0,0,0,0,1,50,IVN,1,0,10,10,1.48,1.0,,
1,0,0,50,1,50,IVN,1,0,10,10,1.84,1.0,0.0,2.0
2,0,0,50,1,50,IVN,1,0,10,10,1.84,1.0,1.0,1.0
3,0,0,50,1,50,IVN,1,0,10,10,1.84,1.0,2.0,2.0
4,0,0,50,1,50,IVN,1,0,10,10,1.84,1.0,3.0,1.0
5,0,0,50,1,50,IVN,1,0,10,10,1.84,1.0,4.0,1.0
6,0,0,50,1,50,IVN,1,0,10,10,1.84,1.0,5.0,2.0
7,0,0,50,1,50,IVN,1,0,10,10,1.84,1.0,6.0,1.0
8,0,0,50,1,50,IVN,1,0,10,10,1.84,1.0,7.0,1.0
9,0,0,50,1,50,IVN,1,0,10,10,1.84,1.0,8.0,4.0
10,0,0,50,1,50,IVN,1,0,10,10,1.84,1.0,9.0,2.0
11,0,0,50,1,50,IVN,1,0,10,10,1.84,1.0,10.0,3.0
12,0,0,50,1,50,IVN,1,0,10,10,1.84,1.0,11.0,1.0
13,0,0,50,1,50,IVN,1,0,10,10,1.84,1.0,12.0,1.0
14,0,0,50,1,50,IVN,1,0,10,10,1.84,1.0,13.0,4.0
15,0,0,50,1,50,IVN,1,0,10,10,1.84,1.0,14.0,1.0
16,0,0,50,1,50,IVN,1,0,10,10,1.84,1.0,15.0,1.0
17,0,0,50,1,50,IVN,1,0,10,10,1.84,1.0,16.0,4.0
18,0,0,50,1,50,IVN,1,0,10,10,1.84,1.0,17.0,1.0
19,0,0,50,1,50,IVN,1,0,10,10,1.84,1.0,18.0,3.0
20,0,0,50,1,50,IVN,1,0,10,10,1.84,1.0,19.0,2.0
21,0,0,50,1,50,IVN,1,0,10,10,1.84,1.0,20.0,2.0
22,0,0,50,1,50,IVN,1,0,10,10,1.84,1.0,21.0,2.0
23,0,0,50,1,50,IVN,1,0,10,10,1.84,1.0,22.0,1.0
24,0,0,50,1,50,IVN,1,0,10,10,1.84,1.0,23.0,1.0
25,0,0,50,1,50,IVN,1,0,10,10,1.84,1.0,24.0,1.0
26,0,0,50,1,50,IVN,1,0,10,10,1.84,1.0,25.0,1.0
27,0,0,50,1,50,IVN,1,0,10,10,1.84,1.0,26.0,2.0
28,0,0,50,1,50,IVN,1,0,10,10,1.84,1.0,27.0,1.0
29,0,0,50,1,50,IVN,1,0,10,10,1.84,1.0,28.0,1.0
30,0,0,50,1,50,IVN,1,0,10,10,1.84,1.0,29.0,1.0
31,0,0,50,1,50,IVN,1,0,10,10,1.84,1.0,30.0,1.0
32,0,0,50,1,50,IVN,1,0,10,10,1.84,1.0,31.0,3.0
33,0,0,50,1,50,IVN,1,0,10,10,1.84,1.0,32.0,1.0
34,0,0,50,1,50,IVN,1,0,10,10,1.84,1.0,33.0,4.0
35,0,0,50,1,50,IVN,1,0,10,10,1.84,1.0,34.0,1.0
36,0,0,50,1,50,IVN,1,0,10,10,1.84,1.0,35.0,4.0
37,0,0,50,1,50,IVN,1,0,10,10,1.84,1.0,36.0,1.0
38,0,0,50,1,50,IVN,1,0,10,10,1.84,1.0,37.0,2.0
39,0,0,50,1,50,IVN,1,0,10,10,1.84,1.0,38.0,1.0
40,0,0,50,1,50,IVN,1,0,10,10,1.84,1.0,39.0,4.0
41,0,0,50,1,50,IVN,1,0,10,10,1.84,1.0,40.0,4.0
42,0,0,50,1,50,IVN,1,0,10,10,1.84,1.0,41.0,2.0
43,0,0,50,1,50,IVN,1,0,10,10,1.84,1.0,42.0,2.0
44,0,0,50,1,50,IVN,1,0,10,10,1.84,1.0,43.0,1.0
45,0,0,50,1,50,IVN,1,0,10,10,1.84,1.0,44.0,2.0
46,0,0,50,1,50,IVN,1,0,10,10,1.84,1.0,45.0,1.0
47,0,0,50,1,50,IVN,1,0,10,10,1.84,1.0,46.0,1.0
48,0,0,50,1,50,IVN,1,0,10,10,1.84,1.0,47.0,1.0
49,0,0,50,1,50,IVN,1,0,10,10,1.84,1.0,48.0,4.0
50,0,0,50,1,50,IVN,1,0,10,10,1.84,1.0,49.0,1.0
51,0,0,100,1,50,IVN,1,0,10,10,1.92,2.0,0.0,2.0
52,0,0,100,1,50,IVN,1,0,10,10,1.92,2.0,1.0,2.0
53,0,0,100,1,50,IVN,1,0,10,10,1.92,2.0,2.0,2.0
54,0,0,100,1,50,IVN,1,0,10,10,1.92,2.0,3.0,1.0
55,0,0,100,1,50,IVN,1,0,10,10,1.92,2.0,4.0,2.0
56,0,0,100,1,50,IVN,1,0,10,10,1.92,2.0,5.0,2.0
57,0,0,100,1,50,IVN,1,0,10,10,1.92,2.0,6.0,1.0
58,0,0,100,1,50,IVN,1,0,10,10,1.92,2.0,7.0,1.0
59,0,0,100,1,50,IVN,1,0,10,10,1.92,2.0,8.0,4.0
60,0,0,100,1,50,IVN,1,0,10,10,1.92,2.0,9.0,2.0
61,0,0,100,1,50,IVN,1,0,10,10,1.92,2.0,10.0,3.0
62,0,0,100,1,50,IVN,1,0,10,10,1.92,2.0,11.0,1.0
63,0,0,100,1,50,IVN,1,0,10,10,1.92,2.0,12.0,1.0
64,0,0,100,1,50,IVN,1,0,10,10,1.92,2.0,13.0,4.0
65,0,0,100,1,50,IVN,1,0,10,10,1.92,2.0,14.0,1.0
66,0,0,100,1,50,IVN,1,0,10,10,1.92,2.0,15.0,1.0
67,0,0,100,1,50,IVN,1,0,10,10,1.92,2.0,16.0,4.0
68,0,0,100,1,50,IVN,1,0,10,10,1.92,2.0,17.0,1.0
69,0,0,100,1,50,IVN,1,0,10,10,1.92,2.0,18.0,3.0
70,0,0,100,1,50,IVN,1,0,10,10,1.92,2.0,19.0,2.0
71,0,0,100,1,50,IVN,1,0,10,10,1.92,2.0,20.0,2.0
72,0,0,100,1,50,IVN,1,0,10,10,1.92,2.0,21.0,2.0
73,0,0,100,1,50,IVN,1,0,10,10,1.92,2.0,22.0,1.0
74,0,0,100,1,50,IVN,1,0,10,10,1.92,2.0,23.0,1.0
75,0,0,100,1,50,IVN,1,0,10,10,1.92,2.0,24.0,1.0
76,0,0,100,1,50,IVN,1,0,10,10,1.92,2.0,25.0,1.0
77,0,0,100,1,50,IVN,1,0,10,10,1.92,2.0,26.0,2.0
78,0,0,100,1,50,IVN,1,0,10,10,1.92,2.0,27.0,1.0
79,0,0,100,1,50,IVN,1,0,10,10,1.92,2.0,28.0,2.0
80,0,0,100,1,50,IVN,1,0,10,10,1.92,2.0,29.0,1.0
81,0,0,100,1,50,IVN,1,0,10,10,1.92,2.0,30.0,1.0
82,0,0,100,1,50,IVN,1,0,10,10,1.92,2.0,31.0,3.0
83,0,0,100,1,50,IVN,1,0,10,10,1.92,2.0,32.0,1.0
84,0,0,100,1,50,IVN,1,0,10,10,1.92,2.0,33.0,4.0
85,0,0,100,1,50,IVN,1,0,10,10,1.92,2.0,34.0,1.0
86,0,0,100,1,50,IVN,1,0,10,10,1.92,2.0,35.0,4.0
87,0,0,100,1,50,IVN,1,0,10,10,1.92,2.0,36.0,1.0
88,0,0,100,1,50,IVN,1,0,10,10,1.92,2.0,37.0,2.0
89,0,0,100,1,50,IVN,1,0,10,10,1.92,2.0,38.0,2.0
90,0,0,100,1,50,IVN,1,0,10,10,1.92,2.0,39.0,4.0
91,0,0,100,1,50,IVN,1,0,10,10,1.92,2.0,40.0,4.0
92,0,0,100,1,50,IVN,1,0,10,10,1.92,2.0,41.0,2.0
93,0,0,100,1,50,IVN,1,0,10,10,1.92,2.0,42.0,2.0
94,0,0,100,1,50,IVN,1,0,10,10,1.92,2.0,43.0,1.0
95,0,0,100,1,50,IVN,1,0,10,10,1.92,2.0,44.0,2.0
96,0,0,100,1,50,IVN,1,0,10,10,1.92,2.0,45.0,1.0
97,0,0,100,1,50,IVN,1,0,10,10,1.92,2.0,46.0,1.0
98,0,0,100,1,50,IVN,1,0,10,10,1.92,2.0,47.0,1.0
99,0,0,100,1,50,IVN,1,0,10,10,1.92,2.0,48.0,4.0
100,0,0,100,1,50,IVN,1,0,10,10,1.92,2.0,49.0,1.0
101,0,0,150,1,50,IVN,1,0,10,10,2.2,2.0,0.0,2.0
102,0,0,150,1,50,IVN,1,0,10,10,2.2,2.0,1.0,2.0
103,0,0,150,1,50,IVN,1,0,10,10,2.2,2.0,2.0,2.0
104,0,0,150,1,50,IVN,1,0,10,10,2.2,2.0,3.0,1.0
105,0,0,150,1,50,IVN,1,0,10,10,2.2,2.0,4.0,2.0
106,0,0,150,1,50,IVN,1,0,10,10,2.2,2.0,5.0,2.0
107,0,0,150,1,50,IVN,1,0,10,10,2.2,2.0,6.0,1.0
108,0,0,150,1,50,IVN,1,0,10,10,2.2,2.0,7.0,1.0
109,0,0,150,1,50,IVN,1,0,10,10,2.2,2.0,8.0,4.0
110,0,0,150,1,50,IVN,1,0,10,10,2.2,2.0,9.0,3.0
111,0,0,150,1,50,IVN,1,0,10,10,2.2,2.0,10.0,3.0
112,0,0,150,1,50,IVN,1,0,10,10,2.2,2.0,11.0,1.0
113,0,0,150,1,50,IVN,1,0,10,10,2.2,2.0,12.0,1.0
114,0,0,150,1,50,IVN,1,0,10,10,2.2,2.0,13.0,4.0
115,0,0,150,1,50,IVN,1,0,10,10,2.2,2.0,14.0,1.0
116,0,0,150,1,50,IVN,1,0,10,10,2.2,2.0,15.0,1.0
117,0,0,150,1,50,IVN,1,0,10,10,2.2,2.0,16.0,4.0
118,0,0,150,1,50,IVN,1,0,10,10,2.2,2.0,17.0,1.0
119,0,0,150,1,50,IVN,1,0,10,10,2.2,2.0,18.0,3.0
120,0,0,150,1,50,IVN,1,0,10,10,2.2,2.0,19.0,4.0
121,0,0,150,1,50,IVN,1,0,10,10,2.2,2.0,20.0,2.0
122,0,0,150,1,50,IVN,1,0,10,10,2.2,2.0,21.0,2.0
123,0,0,150,1,50,IVN,1,0,10,10,2.2,2.0,22.0,1.0
124,0,0,150,1,50,IVN,1,0,10,10,2.2,2.0,23.0,1.0
125,0,0,150,1,50,IVN,1,0,10,10,2.2,2.0,24.0,1.0
126,0,0,150,1,50,IVN,1,0,10,10,2.2,2.0,25.0,1.0
127,0,0,150,1,50,IVN,1,0,10,10,2.2,2.0,26.0,4.0
128,0,0,150,1,50,IVN,1,0,10,10,2.2,2.0,27.0,1.0
129,0,0,150,1,50,IVN,1,0,10,10,2.2,2.0,28.0,2.0
130,0,0,150,1,50,IVN,1,0,10,10,2.2,2.0,29.0,4.0
131,0,0,150,1,50,IVN,1,0,10,10,2.2,2.0,30.0,1.0
132,0,0,150,1,50,IVN,1,0,10,10,2.2,2.0,31.0,3.0
133,0,0,150,1,50,IVN,1,0,10,10,2.2,2.0,32.0,4.0
134,0,0,150,1,50,IVN,1,0,10,10,2.2,2.0,33.0,4.0
135,0,0,150,1,50,IVN,1,0,10,10,2.2,2.0,34.0,1.0
136,0,0,150,1,50,IVN,1,0,10,10,2.2,2.0,35.0,4.0
137,0,0,150,1,50,IVN,1,0,10,10,2.2,2.0,36.0,1.0
138,0,0,150,1,50,IVN,1,0,10,10,2.2,2.0,37.0,2.0
139,0,0,150,1,50,IVN,1,0,10,10,2.2,2.0,38.0,2.0
140,0,0,150,1,50,IVN,1,0,10,10,2.2,2.0,39.0,4.0
141,0,0,150,1,50,IVN,1,0,10,10,2.2,2.0,40.0,4.0
142,0,0,150,1,50,IVN,1,0,10,10,2.2,2.0,41.0,3.0
143,0,0,150,1,50,IVN,1,0,10,10,2.2,2.0,42.0,2.0
144,0,0,150,1,50,IVN,1,0,10,10,2.2,2.0,43.0,1.0
145,0,0,150,1,50,IVN,1,0,10,10,2.2,2.0,44.0,2.0
146,0,0,150,1,50,IVN,1,0,10,10,2.2,2.0,45.0,1.0
147,0,0,150,1,50,IVN,1,0,10,10,2.2,2.0,46.0,1.0
148,0,0,150,1,50,IVN,1,0,10,10,2.2,2.0,47.0,1.0
149,0,0,150,1,50,IVN,1,0,10,10,2.2,2.0,48.0,4.0
150,0,0,150,1,50,IVN,1,0,10,10,2.2,2.0,49.0,3.0
151,0,0,200,1,50,IVN,1,0,10,10,2.32,2.0,0.0,2.0
152,0,0,200,1,50,IVN,1,0,10,10,2.32,2.0,1.0,2.0
153,0,0,200,1,50,IVN,1,0,10,10,2.32,2.0,2.0,2.0
154,0,0,200,1,50,IVN,1,0,10,10,2.32,2.0,3.0,1.0
155,0,0,200,1,50,IVN,1,0,10,10,2.32,2.0,4.0,2.0
156,0,0,200,1,50,IVN,1,0,10,10,2.32,2.0,5.0,2.0
157,0,0,200,1,50,IVN,1,0,10,10,2.32,2.0,6.0,1.0
158,0,0,200,1,50,IVN,1,0,10,10,2.32,2.0,7.0,1.0
159,0,0,200,1,50,IVN,1,0,10,10,2.32,2.0,8.0,4.0
160,0,0,200,1,50,IVN,1,0,10,10,2.32,2.0,9.0,4.0
161,0,0,200,1,50,IVN,1,0,10,10,2.32,2.0,10.0,3.0
162,0,0,200,1,50,IVN,1,0,10,10,2.32,2.0,11.0,1.0
163,0,0,200,1,50,IVN,1,0,10,10,2.32,2.0,12.0,1.0
164,0,0,200,1,50,IVN,1,0,10,10,2.32,2.0,13.0,4.0
165,0,0,200,1,50,IVN,1,0,10,10,2.32,2.0,14.0,1.0
166,0,0,200,1,50,IVN,1,0,10,10,2.32,2.0,15.0,1.0
167,0,0,200,1,50,IVN,1,0,10,10,2.32,2.0,16.0,4.0
168,0,0,200,1,50,IVN,1,0,10,10,2.32,2.0,17.0,1.0
169,0,0,200,1,50,IVN,1,0,10,10,2.32,2.0,18.0,3.0
170,0,0,200,1,50,IVN,1,0,10,10,2.32,2.0,19.0,4.0
171,0,0,200,1,50,IVN,1,0,10,10,2.32,2.0,20.0,2.0
172,0,0,200,1,50,IVN,1,0,10,10,2.32,2.0,21.0,2.0
173,0,0,200,1,50,IVN,1,0,10,10,2.32,2.0,22.0,1.0
174,0,0,200,1,50,IVN,1,0,10,10,2.32,2.0,23.0,1.0
175,0,0,200,1,50,IVN,1,0,10,10,2.32,2.0,24.0,1.0
176,0,0,200,1,50,IVN,1,0,10,10,2.32,2.0,25.0,1.0
177,0,0,200,1,50,IVN,1,0,10,10,2.32,2.0,26.0,4.0
178,0,0,200,1,50,IVN,1,0,10,10,2.32,2.0,27.0,1.0
179,0,0,200,1,50,IVN,1,0,10,10,2.32,2.0,28.0,2.0
180,0,0,200,1,50,IVN,1,0,10,10,2.32,2.0,29.0,4.0
181,0,0,200,1,50,IVN,1,0,10,10,2.32,2.0,30.0,1.0
182,0,0,200,1,50,IVN,1,0,10,10,2.32,2.0,31.0,3.0
183,0,0,200,1,50,IVN,1,0,10,10,2.32,2.0,32.0,4.0
184,0,0,200,1,50,IVN,1,0,10,10,2.32,2.0,33.0,4.0
185,0,0,200,1,50,IVN,1,0,10,10,2.32,2.0,34.0,1.0
186,0,0,200,1,50,IVN,1,0,10,10,2.32,2.0,35.0,4.0
187,0,0,200,1,50,IVN,1,0,10,10,2.32,2.0,36.0,4.0
188,0,0,200,1,50,IVN,1,0,10,10,2.32,2.0,37.0,2.0
189,0,0,200,1,50,IVN,1,0,10,10,2.32,2.0,38.0,2.0
190,0,0,200,1,50,IVN,1,0,10,10,2.32,2.0,39.0,4.0
191,0,0,200,1,50,IVN,1,0,10,10,2.32,2.0,40.0,4.0
192,0,0,200,1,50,IVN,1,0,10,10,2.32,2.0,41.0,4.0
193,0,0,200,1,50,IVN,1,0,10,10,2.32,2.0,42.0,2.0
194,0,0,200,1,50,IVN,1,0,10,10,2.32,2.0,43.0,1.0
195,0,0,200,1,50,IVN,1,0,10,10,2.32,2.0,44.0,2.0
196,0,0,200,1,50,IVN,1,0,10,10,2.32,2.0,45.0,1.0
197,0,0,200,1,50,IVN,1,0,10,10,2.32,2.0,46.0,1.0
198,0,0,200,1,50,IVN,1,0,10,10,2.32,2.0,47.0,1.0
199,0,0,200,1,50,IVN,1,0,10,10,2.32,2.0,48.0,4.0
200,0,0,200,1,50,IVN,1,0,10,10,2.32,2.0,49.0,4.0
201,0,0,250,1,50,IVN,1,0,10,10,2.4,2.0,0.0,2.0
202,0,0,250,1,50,IVN,1,0,10,10,2.4,2.0,1.0,2.0
203,0,0,250,1,50,IVN,1,0,10,10,2.4,2.0,2.0,2.0
204,0,0,250,1,50,IVN,1,0,10,10,2.4,2.0,3.0,1.0
205,0,0,250,1,50,IVN,1,0,10,10,2.4,2.0,4.0,2.0
206,0,0,250,1,50,IVN,1,0,10,10,2.4,2.0,5.0,2.0
207,0,0,250,1,50,IVN,1,0,10,10,2.4,2.0,6.0,1.0
208,0,0,250,1,50,IVN,1,0,10,10,2.4,2.0,7.0,1.0
209,0,0,250,1,50,IVN,1,0,10,10,2.4,2.0,8.0,4.0
210,0,0,250,1,50,IVN,1,0,10,10,2.4,2.0,9.0,4.0
211,0,0,250,1,50,IVN,1,0,10,10,2.4,2.0,10.0,3.0
212,0,0,250,1,50,IVN,1,0,10,10,2.4,2.0,11.0,1.0
213,0,0,250,1,50,IVN,1,0,10,10,2.4,2.0,12.0,1.0
214,0,0,250,1,50,IVN,1,0,10,10,2.4,2.0,13.0,4.0
215,0,0,250,1,50,IVN,1,0,10,10,2.4,2.0,14.0,2.0
216,0,0,250,1,50,IVN,1,0,10,10,2.4,2.0,15.0,1.0
217,0,0,250,1,50,IVN,1,0,10,10,2.4,2.0,16.0,4.0
218,0,0,250,1,50,IVN,1,0,10,10,2.4,2.0,17.0,1.0
219,0,0,250,1,50,IVN,1,0,10,10,2.4,2.0,18.0,3.0
220,0,0,250,1,50,IVN,1,0,10,10,2.4,2.0,19.0,4.0
221,0,0,250,1,50,IVN,1,0,10,10,2.4,2.0,20.0,2.0
222,0,0,250,1,50,IVN,1,0,10,10,2.4,2.0,21.0,2.0
223,0,0,250,1,50,IVN,1,0,10,10,2.4,2.0,22.0,1.0
224,0,0,250,1,50,IVN,1,0,10,10,2.4,2.0,23.0,1.0
225,0,0,250,1,50,IVN,1,0,10,10,2.4,2.0,24.0,1.0
226,0,0,250,1,50,IVN,1,0,10,10,2.4,2.0,25.0,1.0
227,0,0,250,1,50,IVN,1,0,10,10,2.4,2.0,26.0,4.0
228,0,0,250,1,50,IVN,1,0,10,10,2.4,2.0,27.0,2.0
229,0,0,250,1,50,IVN,1,0,10,10,2.4,2.0,28.0,2.0
230,0,0,250,1,50,IVN,1,0,10,10,2.4,2.0,29.0,4.0
231,0,0,250,1,50,IVN,1,0,10,10,2.4,2.0,30.0,2.0
232,0,0,250,1,50,IVN,1,0,10,10,2.4,2.0,31.0,3.0
233,0,0,250,1,50,IVN,1,0,10,10,2.4,2.0,32.0,4.0
234,0,0,250,1,50,IVN,1,0,10,10,2.4,2.0,33.0,4.0
235,0,0,250,1,50,IVN,1,0,10,10,2.4,2.0,34.0,2.0
236,0,0,250,1,50,IVN,1,0,10,10,2.4,2.0,35.0,4.0
237,0,0,250,1,50,IVN,1,0,10,10,2.4,2.0,36.0,4.0
238,0,0,250,1,50,IVN,1,0,10,10,2.4,2.0,37.0,2.0
239,0,0,250,1,50,IVN,1,0,10,10,2.4,2.0,38.0,2.0
240,0,0,250,1,50,IVN,1,0,10,10,2.4,2.0,39.0,4.0
241,0,0,250,1,50,IVN,1,0,10,10,2.4,2.0,40.0,4.0
242,0,0,250,1,50,IVN,1,0,10,10,2.4,2.0,41.0,4.0
243,0,0,250,1,50,IVN,1,0,10,10,2.4,2.0,42.0,2.0
244,0,0,250,1,50,IVN,1,0,10,10,2.4,2.0,43.0,1.0
245,0,0,250,1,50,IVN,1,0,10,10,2.4,2.0,44.0,2.0
246,0,0,250,1,50,IVN,1,0,10,10,2.4,2.0,45.0,1.0
247,0,0,250,1,50,IVN,1,0,10,10,2.4,2.0,46.0,1.0
248,0,0,250,1,50,IVN,1,0,10,10,2.4,2.0,47.0,1.0
249,0,0,250,1,50,IVN,1,0,10,10,2.4,2.0,48.0,4.0
250,0,0,250,1,50,IVN,1,0,10,10,2.4,2.0,49.0,4.0
251,0,0,300,1,50,IVN,1,0,10,10,2.4,2.0,0.0,2.0
252,0,0,300,1,50,IVN,1,0,10,10,2.4,2.0,1.0,2.0
253,0,0,300,1,50,IVN,1,0,10,10,2.4,2.0,2.0,2.0
254,0,0,300,1,50,IVN,1,0,10,10,2.4,2.0,3.0,1.0
255,0,0,300,1,50,IVN,1,0,10,10,2.4,2.0,4.0,2.0
256,0,0,300,1,50,IVN,1,0,10,10,2.4,2.0,5.0,2.0
257,0,0,300,1,50,IVN,1,0,10,10,2.4,2.0,6.0,1.0
258,0,0,300,1,50,IVN,1,0,10,10,2.4,2.0,7.0,1.0
259,0,0,300,1,50,IVN,1,0,10,10,2.4,2.0,8.0,4.0
260,0,0,300,1,50,IVN,1,0,10,10,2.4,2.0,9.0,4.0
261,0,0,300,1,50,IVN,1,0,10,10,2.4,2.0,10.0,3.0
262,0,0,300,1,50,IVN,1,0,10,10,2.4,2.0,11.0,1.0
263,0,0,300,1,50,IVN,1,0,10,10,2.4,2.0,12.0,1.0
264,0,0,300,1,50,IVN,1,0,10,10,2.4,2.0,13.0,4.0
265,0,0,300,1,50,IVN,1,0,10,10,2.4,2.0,14.0,2.0
266,0,0,300,1,50,IVN,1,0,10,10,2.4,2.0,15.0,1.0
267,0,0,300,1,50,IVN,1,0,10,10,2.4,2.0,16.0,4.0
268,0,0,300,1,50,IVN,1,0,10,10,2.4,2.0,17.0,1.0
269,0,0,300,1,50,IVN,1,0,10,10,2.4,2.0,18.0,3.0
270,0,0,300,1,50,IVN,1,0,10,10,2.4,2.0,19.0,4.0
271,0,0,300,1,50,IVN,1,0,10,10,2.4,2.0,20.0,2.0
272,0,0,300,1,50,IVN,1,0,10,10,2.4,2.0,21.0,2.0
273,0,0,300,1,50,IVN,1,0,10,10,2.4,2.0,22.0,1.0
274,0,0,300,1,50,IVN,1,0,10,10,2.4,2.0,23.0,1.0
275,0,0,300,1,50,IVN,1,0,10,10,2.4,2.0,24.0,1.0
276,0,0,300,1,50,IVN,1,0,10,10,2.4,2.0,25.0,1.0
277,0,0,300,1,50,IVN,1,0,10,10,2.4,2.0,26.0,4.0
278,0,0,300,1,50,IVN,1,0,10,10,2.4,2.0,27.0,2.0
279,0,0,300,1,50,IVN,1,0,10,10,2.4,2.0,28.0,2.0
280,0,0,300,1,50,IVN,1,0,10,10,2.4,2.0,29.0,4.0
281,0,0,300,1,50,IVN,1,0,10,10,2.4,2.0,30.0,2.0
282,0,0,300,1,50,IVN,1,0,10,10,2.4,2.0,31.0,3.0
283,0,0,300,1,50,IVN,1,0,10,10,2.4,2.0,32.0,4.0
284,0,0,300,1,50,IVN,1,0,10,10,2.4,2.0,33.0,4.0
285,0,0,300,1,50,IVN,1,0,10,10,2.4,2.0,34.0,2.0
286,0,0,300,1,50,IVN,1,0,10,10,2.4,2.0,35.0,4.0
287,0,0,300,1,50,IVN,1,0,10,10,2.4,2.0,36.0,4.0
288,0,0,300,1,50,IVN,1,0,10,10,2.4,2.0,37.0,2.0
289,0,0,300,1,50,IVN,1,0,10,10,2.4,2.0,38.0,2.0
290,0,0,300,1,50,IVN,1,0,10,10,2.4,2.0,39.0,4.0
291,0,0,300,1,50,IVN,1,0,10,10,2.4,2.0,40.0,4.0
292,0,0,300,1,50,IVN,1,0,10,10,2.4,2.0,41.0,4.0
293,0,0,300,1,50,IVN,1,0,10,10,2.4,2.0,42.0,2.0
294,0,0,300,1,50,IVN,1,0,10,10,2.4,2.0,43.0,1.0
295,0,0,300,1,50,IVN,1,0,10,10,2.4,2.0,44.0,2.0
296,0,0,300,1,50,IVN,1,0,10,10,2.4,2.0,45.0,1.0
297,0,0,300,1,50,IVN,1,0,10,10,2.4,2.0,46.0,1.0
298,0,0,300,1,50,IVN,1,0,10,10,2.4,2.0,47.0,1.0
299,0,0,300,1,50,IVN,1,0,10,10,2.4,2.0,48.0,4.0
300,0,0,300,1,50,IVN,1,0,10,10,2.4,2.0,49.0,4.0
301,0,0,350,1,50,IVN,1,0,10,10,2.4,2.0,0.0,2.0
302,0,0,350,1,50,IVN,1,0,10,10,2.4,2.0,1.0,2.0
303,0,0,350,1,50,IVN,1,0,10,10,2.4,2.0,2.0,2.0
304,0,0,350,1,50,IVN,1,0,10,10,2.4,2.0,3.0,1.0
305,0,0,350,1,50,IVN,1,0,10,10,2.4,2.0,4.0,2.0
306,0,0,350,1,50,IVN,1,0,10,10,2.4,2.0,5.0,2.0
307,0,0,350,1,50,IVN,1,0,10,10,2.4,2.0,6.0,1.0
308,0,0,350,1,50,IVN,1,0,10,10,2.4,2.0,7.0,1.0
309,0,0,350,1,50,IVN,1,0,10,10,2.4,2.0,8.0,4.0
310,0,0,350,1,50,IVN,1,0,10,10,2.4,2.0,9.0,4.0
311,0,0,350,1,50,IVN,1,0,10,10,2.4,2.0,10.0,3.0
312,0,0,350,1,50,IVN,1,0,10,10,2.4,2.0,11.0,1.0
313,0,0,350,1,50,IVN,1,0,10,10,2.4,2.0,12.0,1.0
314,0,0,350,1,50,IVN,1,0,10,10,2.4,2.0,13.0,4.0
315,0,0,350,1,50,IVN,1,0,10,10,2.4,2.0,14.0,2.0
316,0,0,350,1,50,IVN,1,0,10,10,2.4,2.0,15.0,1.0
317,0,0,350,1,50,IVN,1,0,10,10,2.4,2.0,16.0,4.0
318,0,0,350,1,50,IVN,1,0,10,10,2.4,2.0,17.0,1.0
319,0,0,350,1,50,IVN,1,0,10,10,2.4,2.0,18.0,3.0
320,0,0,350,1,50,IVN,1,0,10,10,2.4,2.0,19.0,4.0
321,0,0,350,1,50,IVN,1,0,10,10,2.4,2.0,20.0,2.0
322,0,0,350,1,50,IVN,1,0,10,10,2.4,2.0,21.0,2.0
323,0,0,350,1,50,IVN,1,0,10,10,2.4,2.0,22.0,1.0
324,0,0,350,1,50,IVN,1,0,10,10,2.4,2.0,23.0,1.0
325,0,0,350,1,50,IVN,1,0,10,10,2.4,2.0,24.0,1.0
326,0,0,350,1,50,IVN,1,0,10,10,2.4,2.0,25.0,1.0
327,0,0,350,1,50,IVN,1,0,10,10,2.4,2.0,26.0,4.0
328,0,0,350,1,50,IVN,1,0,10,10,2.4,2.0,27.0,2.0
329,0,0,350,1,50,IVN,1,0,10,10,2.4,2.0,28.0,2.0
330,0,0,350,1,50,IVN,1,0,10,10,2.4,2.0,29.0,4.0
331,0,0,350,1,50,IVN,1,0,10,10,2.4,2.0,30.0,2.0
332,0,0,350,1,50,IVN,1,0,10,10,2.4,2.0,31.0,3.0
333,0,0,350,1,50,IVN,1,0,10,10,2.4,2.0,32.0,4.0
334,0,0,350,1,50,IVN,1,0,10,10,2.4,2.0,33.0,4.0
335,0,0,350,1,50,IVN,1,0,10,10,2.4,2.0,34.0,2.0
336,0,0,350,1,50,IVN,1,0,10,10,2.4,2.0,35.0,4.0
337,0,0,350,1,50,IVN,1,0,10,10,2.4,2.0,36.0,4.0
338,0,0,350,1,50,IVN,1,0,10,10,2.4,2.0,37.0,2.0
339,0,0,350,1,50,IVN,1,0,10,10,2.4,2.0,38.0,2.0
340,0,0,350,1,50,IVN,1,0,10,10,2.4,2.0,39.0,4.0
341,0,0,350,1,50,IVN,1,0,10,10,2.4,2.0,40.0,4.0
342,0,0,350,1,50,IVN,1,0,10,10,2.4,2.0,41.0,4.0
343,0,0,350,1,50,IVN,1,0,10,10,2.4,2.0,42.0,2.0
344,0,0,350,1,50,IVN,1,0,10,10,2.4,2.0,43.0,1.0
345,0,0,350,1,50,IVN,1,0,10,10,2.4,2.0,44.0,2.0
346,0,0,350,1,50,IVN,1,0,10,10,2.4,2.0,45.0,1.0
347,0,0,350,1,50,IVN,1,0,10,10,2.4,2.0,46.0,1.0
348,0,0,350,1,50,IVN,1,0,10,10,2.4,2.0,47.0,1.0
349,0,0,350,1,50,IVN,1,0,10,10,2.4,2.0,48.0,4.0
350,0,0,350,1,50,IVN,1,0,10,10,2.4,2.0,49.0,4.0
351,0,0,400,1,50,IVN,1,0,10,10,2.4,2.0,0.0,2.0
352,0,0,400,1,50,IVN,1,0,10,10,2.4,2.0,1.0,2.0
353,0,0,400,1,50,IVN,1,0,10,10,2.4,2.0,2.0,2.0
354,0,0,400,1,50,IVN,1,0,10,10,2.4,2.0,3.0,1.0
355,0,0,400,1,50,IVN,1,0,10,10,2.4,2.0,4.0,2.0
356,0,0,400,1,50,IVN,1,0,10,10,2.4,2.0,5.0,2.0
357,0,0,400,1,50,IVN,1,0,10,10,2.4,2.0,6.0,1.0
358,0,0,400,1,50,IVN,1,0,10,10,2.4,2.0,7.0,1.0
359,0,0,400,1,50,IVN,1,0,10,10,2.4,2.0,8.0,4.0
360,0,0,400,1,50,IVN,1,0,10,10,2.4,2.0,9.0,4.0
361,0,0,400,1,50,IVN,1,0,10,10,2.4,2.0,10.0,3.0
362,0,0,400,1,50,IVN,1,0,10,10,2.4,2.0,11.0,1.0
363,0,0,400,1,50,IVN,1,0,10,10,2.4,2.0,12.0,1.0
364,0,0,400,1,50,IVN,1,0,10,10,2.4,2.0,13.0,4.0
365,0,0,400,1,50,IVN,1,0,10,10,2.4,2.0,14.0,2.0
366,0,0,400,1,50,IVN,1,0,10,10,2.4,2.0,15.0,1.0
367,0,0,400,1,50,IVN,1,0,10,10,2.4,2.0,16.0,4.0
368,0,0,400,1,50,IVN,1,0,10,10,2.4,2.0,17.0,1.0
369,0,0,400,1,50,IVN,1,0,10,10,2.4,2.0,18.0,3.0
370,0,0,400,1,50,IVN,1,0,10,10,2.4,2.0,19.0,4.0
371,0,0,400,1,50,IVN,1,0,10,10,2.4,2.0,20.0,2.0
372,0,0,400,1,50,IVN,1,0,10,10,2.4,2.0,21.0,2.0
373,0,0,400,1,50,IVN,1,0,10,10,2.4,2.0,22.0,1.0
374,0,0,400,1,50,IVN,1,0,10,10,2.4,2.0,23.0,1.0
375,0,0,400,1,50,IVN,1,0,10,10,2.4,2.0,24.0,1.0
376,0,0,400,1,50,IVN,1,0,10,10,2.4,2.0,25.0,1.0
377,0,0,400,1,50,IVN,1,0,10,10,2.4,2.0,26.0,4.0
378,0,0,400,1,50,IVN,1,0,10,10,2.4,2.0,27.0,2.0
379,0,0,400,1,50,IVN,1,0,10,10,2.4,2.0,28.0,2.0
380,0,0,400,1,50,IVN,1,0,10,10,2.4,2.0,29.0,4.0
381,0,0,400,1,50,IVN,1,0,10,10,2.4,2.0,30.0,2.0
382,0,0,400,1,50,IVN,1,0,10,10,2.4,2.0,31.0,3.0
383,0,0,400,1,50,IVN,1,0,10,10,2.4,2.0,32.0,4.0
384,0,0,400,1,50,IVN,1,0,10,10,2.4,2.0,33.0,4.0
385,0,0,400,1,50,IVN,1,0,10,10,2.4,2.0,34.0,2.0
386,0,0,400,1,50,IVN,1,0,10,10,2.4,2.0,35.0,4.0
387,0,0,400,1,50,IVN,1,0,10,10,2.4,2.0,36.0,4.0
388,0,0,400,1,50,IVN,1,0,10,10,2.4,2.0,37.0,2.0
389,0,0,400,1,50,IVN,1,0,10,10,2.4,2.0,38.0,2.0
390,0,0,400,1,50,IVN,1,0,10,10,2.4,2.0,39.0,4.0
391,0,0,400,1,50,IVN,1,0,10,10,2.4,2.0,40.0,4.0
392,0,0,400,1,50,IVN,1,0,10,10,2.4,2.0,41.0,4.0
393,0,0,400,1,50,IVN,1,0,10,10,2.4,2.0,42.0,2.0
394,0,0,400,1,50,IVN,1,0,10,10,2.4,2.0,43.0,1.0
395,0,0,400,1,50,IVN,1,0,10,10,2.4,2.0,44.0,2.0
396,0,0,400,1,50,IVN,1,0,10,10,2.4,2.0,45.0,1.0
397,0,0,400,1,50,IVN,1,0,10,10,2.4,2.0,46.0,1.0
398,0,0,400,1,50,IVN,1,0,10,10,2.4,2.0,47.0,1.0
399,0,0,400,1,50,IVN,1,0,10,10,2.4,2.0,48.0,4.0
400,0,0,400,1,50,IVN,1,0,10,10,2.4,2.0,49.0,4.0
401,0,0,450,1,50,IVN,1,0,10,10,2.4,2.0,0.0,2.0
402,0,0,450,1,50,IVN,1,0,10,10,2.4,2.0,1.0,2.0
403,0,0,450,1,50,IVN,1,0,10,10,2.4,2.0,2.0,2.0
404,0,0,450,1,50,IVN,1,0,10,10,2.4,2.0,3.0,1.0
405,0,0,450,1,50,IVN,1,0,10,10,2.4,2.0,4.0,2.0
406,0,0,450,1,50,IVN,1,0,10,10,2.4,2.0,5.0,2.0
407,0,0,450,1,50,IVN,1,0,10,10,2.4,2.0,6.0,1.0
408,0,0,450,1,50,IVN,1,0,10,10,2.4,2.0,7.0,1.0
409,0,0,450,1,50,IVN,1,0,10,10,2.4,2.0,8.0,4.0
410,0,0,450,1,50,IVN,1,0,10,10,2.4,2.0,9.0,4.0
411,0,0,450,1,50,IVN,1,0,10,10,2.4,2.0,10.0,3.0
412,0,0,450,1,50,IVN,1,0,10,10,2.4,2.0,11.0,1.0
413,0,0,450,1,50,IVN,1,0,10,10,2.4,2.0,12.0,1.0
414,0,0,450,1,50,IVN,1,0,10,10,2.4,2.0,13.0,4.0
415,0,0,450,1,50,IVN,1,0,10,10,2.4,2.0,14.0,2.0
416,0,0,450,1,50,IVN,1,0,10,10,2.4,2.0,15.0,1.0
417,0,0,450,1,50,IVN,1,0,10,10,2.4,2.0,16.0,4.0
418,0,0,450,1,50,IVN,1,0,10,10,2.4,2.0,17.0,1.0
419,0,0,450,1,50,IVN,1,0,10,10,2.4,2.0,18.0,3.0
420,0,0,450,1,50,IVN,1,0,10,10,2.4,2.0,19.0,4.0
421,0,0,450,1,50,IVN,1,0,10,10,2.4,2.0,20.0,2.0
422,0,0,450,1,50,IVN,1,0,10,10,2.4,2.0,21.0,2.0
423,0,0,450,1,50,IVN,1,0,10,10,2.4,2.0,22.0,1.0
424,0,0,450,1,50,IVN,1,0,10,10,2.4,2.0,23.0,1.0
425,0,0,450,1,50,IVN,1,0,10,10,2.4,2.0,24.0,1.0
426,0,0,450,1,50,IVN,1,0,10,10,2.4,2.0,25.0,1.0
427,0,0,450,1,50,IVN,1,0,10,10,2.4,2.0,26.0,4.0
428,0,0,450,1,50,IVN,1,0,10,10,2.4,2.0,27.0,2.0
429,0,0,450,1,50,IVN,1,0,10,10,2.4,2.0,28.0,2.0
430,0,0,450,1,50,IVN,1,0,10,10,2.4,2.0,29.0,4.0
431,0,0,450,1,50,IVN,1,0,10,10,2.4,2.0,30.0,2.0
432,0,0,450,1,50,IVN,1,0,10,10,2.4,2.0,31.0,3.0
433,0,0,450,1,50,IVN,1,0,10,10,2.4,2.0,32.0,4.0
434,0,0,450,1,50,IVN,1,0,10,10,2.4,2.0,33.0,4.0
435,0,0,450,1,50,IVN,1,0,10,10,2.4,2.0,34.0,2.0
436,0,0,450,1,50,IVN,1,0,10,10,2.4,2.0,35.0,4.0
437,0,0,450,1,50,IVN,1,0,10,10,2.4,2.0,36.0,4.0
438,0,0,450,1,50,IVN,1,0,10,10,2.4,2.0,37.0,2.0
439,0,0,450,1,50,IVN,1,0,10,10,2.4,2.0,38.0,2.0
440,0,0,450,1,50,IVN,1,0,10,10,2.4,2.0,39.0,4.0
441,0,0,450,1,50,IVN,1,0,10,10,2.4,2.0,40.0,4.0
442,0,0,450,1,50,IVN,1,0,10,10,2.4,2.0,41.0,4.0
443,0,0,450,1,50,IVN,1,0,10,10,2.4,2.0,42.0,2.0
444,0,0,450,1,50,IVN,1,0,10,10,2.4,2.0,43.0,1.0
445,0,0,450,1,50,IVN,1,0,10,10,2.4,2.0,44.0,2.0
446,0,0,450,1,50,IVN,1,0,10,10,2.4,2.0,45.0,1.0
447,0,0,450,1,50,IVN,1,0,10,10,2.4,2.0,46.0,1.0
448,0,0,450,1,50,IVN,1,0,10,10,2.4,2.0,47.0,1.0
449,0,0,450,1,50,IVN,1,0,10,10,2.4,2.0,48.0,4.0
450,0,0,450,1,50,IVN,1,0,10,10,2.4,2.0,49.0,4.0
451,0,0,500,1,50,IVN,1,0,10,10,2.4,2.0,0.0,2.0
452,0,0,500,1,50,IVN,1,0,10,10,2.4,2.0,1.0,2.0
453,0,0,500,1,50,IVN,1,0,10,10,2.4,2.0,2.0,2.0
454,0,0,500,1,50,IVN,1,0,10,10,2.4,2.0,3.0,1.0
455,0,0,500,1,50,IVN,1,0,10,10,2.4,2.0,4.0,2.0
456,0,0,500,1,50,IVN,1,0,10,10,2.4,2.0,5.0,2.0
457,0,0,500,1,50,IVN,1,0,10,10,2.4,2.0,6.0,1.0
458,0,0,500,1,50,IVN,1,0,10,10,2.4,2.0,7.0,1.0
459,0,0,500,1,50,IVN,1,0,10,10,2.4,2.0,8.0,4.0
460,0,0,500,1,50,IVN,1,0,10,10,2.4,2.0,9.0,4.0
461,0,0,500,1,50,IVN,1,0,10,10,2.4,2.0,10.0,3.0
462,0,0,500,1,50,IVN,1,0,10,10,2.4,2.0,11.0,1.0
463,0,0,500,1,50,IVN,1,0,10,10,2.4,2.0,12.0,1.0
464,0,0,500,1,50,IVN,1,0,10,10,2.4,2.0,13.0,4.0
465,0,0,500,1,50,IVN,1,0,10,10,2.4,2.0,14.0,2.0
466,0,0,500,1,50,IVN,1,0,10,10,2.4,2.0,15.0,1.0
467,0,0,500,1,50,IVN,1,0,10,10,2.4,2.0,16.0,4.0
468,0,0,500,1,50,IVN,1,0,10,10,2.4,2.0,17.0,1.0
469,0,0,500,1,50,IVN,1,0,10,10,2.4,2.0,18.0,3.0
470,0,0,500,1,50,IVN,1,0,10,10,2.4,2.0,19.0,4.0
471,0,0,500,1,50,IVN,1,0,10,10,2.4,2.0,20.0,2.0
472,0,0,500,1,50,IVN,1,0,10,10,2.4,2.0,21.0,2.0
473,0,0,500,1,50,IVN,1,0,10,10,2.4,2.0,22.0,1.0
474,0,0,500,1,50,IVN,1,0,10,10,2.4,2.0,23.0,1.0
475,0,0,500,1,50,IVN,1,0,10,10,2.4,2.0,24.0,1.0
476,0,0,500,1,50,IVN,1,0,10,10,2.4,2.0,25.0,1.0
477,0,0,500,1,50,IVN,1,0,10,10,2.4,2.0,26.0,4.0
478,0,0,500,1,50,IVN,1,0,10,10,2.4,2.0,27.0,2.0
479,0,0,500,1,50,IVN,1,0,10,10,2.4,2.0,28.0,2.0
480,0,0,500,1,50,IVN,1,0,10,10,2.4,2.0,29.0,4.0
481,0,0,500,1,50,IVN,1,0,10,10,2.4,2.0,30.0,2.0
482,0,0,500,1,50,IVN,1,0,10,10,2.4,2.0,31.0,3.0
483,0,0,500,1,50,IVN,1,0,10,10,2.4,2.0,32.0,4.0
484,0,0,500,1,50,IVN,1,0,10,10,2.4,2.0,33.0,4.0
485,0,0,500,1,50,IVN,1,0,10,10,2.4,2.0,34.0,2.0
486,0,0,500,1,50,IVN,1,0,10,10,2.4,2.0,35.0,4.0
487,0,0,500,1,50,IVN,1,0,10,10,2.4,2.0,36.0,4.0
488,0,0,500,1,50,IVN,1,0,10,10,2.4,2.0,37.0,2.0
489,0,0,500,1,50,IVN,1,0,10,10,2.4,2.0,38.0,2.0
490,0,0,500,1,50,IVN,1,0,10,10,2.4,2.0,39.0,4.0
491,0,0,500,1,50,IVN,1,0,10,10,2.4,2.0,40.0,4.0
492,0,0,500,1,50,IVN,1,0,10,10,2.4,2.0,41.0,4.0
493,0,0,500,1,50,IVN,1,0,10,10,2.4,2.0,42.0,2.0
494,0,0,500,1,50,IVN,1,0,10,10,2.4,2.0,43.0,1.0
495,0,0,500,1,50,IVN,1,0,10,10,2.4,2.0,44.0,2.0
496,0,0,500,1,50,IVN,1,0,10,10,2.4,2.0,45.0,1.0
497,0,0,500,1,50,IVN,1,0,10,10,2.4,2.0,46.0,1.0
498,0,0,500,1,50,IVN,1,0,10,10,2.4,2.0,47.0,1.0
499,0,0,500,1,50,IVN,1,0,10,10,2.4,2.0,48.0,4.0
500,0,0,500,1,50,IVN,1,0,10,10,2.4,2.0,49.0,4.0
501,0,0,550,1,50,IVN,1,0,10,10,2.4,2.0,0.0,2.0
502,0,0,550,1,50,IVN,1,0,10,10,2.4,2.0,1.0,2.0
503,0,0,550,1,50,IVN,1,0,10,10,2.4,2.0,2.0,2.0
504,0,0,550,1,50,IVN,1,0,10,10,2.4,2.0,3.0,1.0
505,0,0,550,1,50,IVN,1,0,10,10,2.4,2.0,4.0,2.0
506,0,0,550,1,50,IVN,1,0,10,10,2.4,2.0,5.0,2.0
507,0,0,550,1,50,IVN,1,0,10,10,2.4,2.0,6.0,1.0
508,0,0,550,1,50,IVN,1,0,10,10,2.4,2.0,7.0,1.0
509,0,0,550,1,50,IVN,1,0,10,10,2.4,2.0,8.0,4.0
510,0,0,550,1,50,IVN,1,0,10,10,2.4,2.0,9.0,4.0
511,0,0,550,1,50,IVN,1,0,10,10,2.4,2.0,10.0,3.0
512,0,0,550,1,50,IVN,1,0,10,10,2.4,2.0,11.0,1.0
513,0,0,550,1,50,IVN,1,0,10,10,2.4,2.0,12.0,1.0
514,0,0,550,1,50,IVN,1,0,10,10,2.4,2.0,13.0,4.0
515,0,0,550,1,50,IVN,1,0,10,10,2.4,2.0,14.0,2.0
516,0,0,550,1,50,IVN,1,0,10,10,2.4,2.0,15.0,1.0
517,0,0,550,1,50,IVN,1,0,10,10,2.4,2.0,16.0,4.0
518,0,0,550,1,50,IVN,1,0,10,10,2.4,2.0,17.0,1.0
519,0,0,550,1,50,IVN,1,0,10,10,2.4,2.0,18.0,3.0
520,0,0,550,1,50,IVN,1,0,10,10,2.4,2.0,19.0,4.0
521,0,0,550,1,50,IVN,1,0,10,10,2.4,2.0,20.0,2.0
522,0,0,550,1,50,IVN,1,0,10,10,2.4,2.0,21.0,2.0
523,0,0,550,1,50,IVN,1,0,10,10,2.4,2.0,22.0,1.0
524,0,0,550,1,50,IVN,1,0,10,10,2.4,2.0,23.0,1.0
525,0,0,550,1,50,IVN,1,0,10,10,2.4,2.0,24.0,1.0
526,0,0,550,1,50,IVN,1,0,10,10,2.4,2.0,25.0,1.0
527,0,0,550,1,50,IVN,1,0,10,10,2.4,2.0,26.0,4.0
528,0,0,550,1,50,IVN,1,0,10,10,2.4,2.0,27.0,2.0
529,0,0,550,1,50,IVN,1,0,10,10,2.4,2.0,28.0,2.0
530,0,0,550,1,50,IVN,1,0,10,10,2.4,2.0,29.0,4.0
531,0,0,550,1,50,IVN,1,0,10,10,2.4,2.0,30.0,2.0
532,0,0,550,1,50,IVN,1,0,10,10,2.4,2.0,31.0,3.0
533,0,0,550,1,50,IVN,1,0,10,10,2.4,2.0,32.0,4.0
534,0,0,550,1,50,IVN,1,0,10,10,2.4,2.0,33.0,4.0
535,0,0,550,1,50,IVN,1,0,10,10,2.4,2.0,34.0,2.0
536,0,0,550,1,50,IVN,1,0,10,10,2.4,2.0,35.0,4.0
537,0,0,550,1,50,IVN,1,0,10,10,2.4,2.0,36.0,4.0
538,0,0,550,1,50,IVN,1,0,10,10,2.4,2.0,37.0,2.0
539,0,0,550,1,50,IVN,1,0,10,10,2.4,2.0,38.0,2.0
540,0,0,550,1,50,IVN,1,0,10,10,2.4,2.0,39.0,4.0
541,0,0,550,1,50,IVN,1,0,10,10,2.4,2.0,40.0,4.0
542,0,0,550,1,50,IVN,1,0,10,10,2.4,2.0,41.0,4.0
543,0,0,550,1,50,IVN,1,0,10,10,2.4,2.0,42.0,2.0
544,0,0,550,1,50,IVN,1,0,10,10,2.4,2.0,43.0,1.0
545,0,0,550,1,50,IVN,1,0,10,10,2.4,2.0,44.0,2.0
546,0,0,550,1,50,IVN,1,0,10,10,2.4,2.0,45.0,1.0
547,0,0,550,1,50,IVN,1,0,10,10,2.4,2.0,46.0,1.0
548,0,0,550,1,50,IVN,1,0,10,10,2.4,2.0,47.0,1.0
549,0,0,550,1,50,IVN,1,0,10,10,2.4,2.0,48.0,4.0
550,0,0,550,1,50,IVN,1,0,10,10,2.4,2.0,49.0,4.0
551,0,0,600,1,50,IVN,1,0,10,10,2.4,2.0,0.0,2.0
552,0,0,600,1,50,IVN,1,0,10,10,2.4,2.0,1.0,2.0
553,0,0,600,1,50,IVN,1,0,10,10,2.4,2.0,2.0,2.0
554,0,0,600,1,50,IVN,1,0,10,10,2.4,2.0,3.0,1.0
555,0,0,600,1,50,IVN,1,0,10,10,2.4,2.0,4.0,2.0
556,0,0,600,1,50,IVN,1,0,10,10,2.4,2.0,5.0,2.0
557,0,0,600,1,50,IVN,1,0,10,10,2.4,2.0,6.0,1.0
558,0,0,600,1,50,IVN,1,0,10,10,2.4,2.0,7.0,1.0
559,0,0,600,1,50,IVN,1,0,10,10,2.4,2.0,8.0,4.0
560,0,0,600,1,50,IVN,1,0,10,10,2.4,2.0,9.0,4.0
561,0,0,600,1,50,IVN,1,0,10,10,2.4,2.0,10.0,3.0
562,0,0,600,1,50,IVN,1,0,10,10,2.4,2.0,11.0,1.0
563,0,0,600,1,50,IVN,1,0,10,10,2.4,2.0,12.0,1.0
564,0,0,600,1,50,IVN,1,0,10,10,2.4,2.0,13.0,4.0
565,0,0,600,1,50,IVN,1,0,10,10,2.4,2.0,14.0,2.0
566,0,0,600,1,50,IVN,1,0,10,10,2.4,2.0,15.0,1.0
567,0,0,600,1,50,IVN,1,0,10,10,2.4,2.0,16.0,4.0
568,0,0,600,1,50,IVN,1,0,10,10,2.4,2.0,17.0,1.0
569,0,0,600,1,50,IVN,1,0,10,10,2.4,2.0,18.0,3.0
570,0,0,600,1,50,IVN,1,0,10,10,2.4,2.0,19.0,4.0
571,0,0,600,1,50,IVN,1,0,10,10,2.4,2.0,20.0,2.0
572,0,0,600,1,50,IVN,1,0,10,10,2.4,2.0,21.0,2.0
573,0,0,600,1,50,IVN,1,0,10,10,2.4,2.0,22.0,1.0
574,0,0,600,1,50,IVN,1,0,10,10,2.4,2.0,23.0,1.0
575,0,0,600,1,50,IVN,1,0,10,10,2.4,2.0,24.0,1.0
576,0,0,600,1,50,IVN,1,0,10,10,2.4,2.0,25.0,1.0
577,0,0,600,1,50,IVN,1,0,10,10,2.4,2.0,26.0,4.0
578,0,0,600,1,50,IVN,1,0,10,10,2.4,2.0,27.0,2.0
579,0,0,600,1,50,IVN,1,0,10,10,2.4,2.0,28.0,2.0
580,0,0,600,1,50,IVN,1,0,10,10,2.4,2.0,29.0,4.0
581,0,0,600,1,50,IVN,1,0,10,10,2.4,2.0,30.0,2.0
582,0,0,600,1,50,IVN,1,0,10,10,2.4,2.0,31.0,3.0
583,0,0,600,1,50,IVN,1,0,10,10,2.4,2.0,32.0,4.0
584,0,0,600,1,50,IVN,1,0,10,10,2.4,2.0,33.0,4.0
585,0,0,600,1,50,IVN,1,0,10,10,2.4,2.0,34.0,2.0
586,0,0,600,1,50,IVN,1,0,10,10,2.4,2.0,35.0,4.0
587,0,0,600,1,50,IVN,1,0,10,10,2.4,2.0,36.0,4.0
588,0,0,600,1,50,IVN,1,0,10,10,2.4,2.0,37.0,2.0
589,0,0,600,1,50,IVN,1,0,10,10,2.4,2.0,38.0,2.0
590,0,0,600,1,50,IVN,1,0,10,10,2.4,2.0,39.0,4.0
591,0,0,600,1,50,IVN,1,0,10,10,2.4,2.0,40.0,4.0
592,0,0,600,1,50,IVN,1,0,10,10,2.4,2.0,41.0,4.0
593,0,0,600,1,50,IVN,1,0,10,10,2.4,2.0,42.0,2.0
594,0,0,600,1,50,IVN,1,0,10,10,2.4,2.0,43.0,1.0
595,0,0,600,1,50,IVN,1,0,10,10,2.4,2.0,44.0,2.0
596,0,0,600,1,50,IVN,1,0,10,10,2.4,2.0,45.0,1.0
597,0,0,600,1,50,IVN,1,0,10,10,2.4,2.0,46.0,1.0
598,0,0,600,1,50,IVN,1,0,10,10,2.4,2.0,47.0,1.0
599,0,0,600,1,50,IVN,1,0,10,10,2.4,2.0,48.0,4.0
600,0,0,600,1,50,IVN,1,0,10,10,2.4,2.0,49.0,4.0
601,0,0,650,1,50,IVN,1,0,10,10,2.4,2.0,0.0,2.0
602,0,0,650,1,50,IVN,1,0,10,10,2.4,2.0,1.0,2.0
603,0,0,650,1,50,IVN,1,0,10,10,2.4,2.0,2.0,2.0
604,0,0,650,1,50,IVN,1,0,10,10,2.4,2.0,3.0,1.0
605,0,0,650,1,50,IVN,1,0,10,10,2.4,2.0,4.0,2.0
606,0,0,650,1,50,IVN,1,0,10,10,2.4,2.0,5.0,2.0
607,0,0,650,1,50,IVN,1,0,10,10,2.4,2.0,6.0,1.0
608,0,0,650,1,50,IVN,1,0,10,10,2.4,2.0,7.0,1.0
609,0,0,650,1,50,IVN,1,0,10,10,2.4,2.0,8.0,4.0
610,0,0,650,1,50,IVN,1,0,10,10,2.4,2.0,9.0,4.0
611,0,0,650,1,50,IVN,1,0,10,10,2.4,2.0,10.0,3.0
612,0,0,650,1,50,IVN,1,0,10,10,2.4,2.0,11.0,1.0
613,0,0,650,1,50,IVN,1,0,10,10,2.4,2.0,12.0,1.0
614,0,0,650,1,50,IVN,1,0,10,10,2.4,2.0,13.0,4.0
615,0,0,650,1,50,IVN,1,0,10,10,2.4,2.0,14.0,2.0
616,0,0,650,1,50,IVN,1,0,10,10,2.4,2.0,15.0,1.0
617,0,0,650,1,50,IVN,1,0,10,10,2.4,2.0,16.0,4.0
618,0,0,650,1,50,IVN,1,0,10,10,2.4,2.0,17.0,1.0
619,0,0,650,1,50,IVN,1,0,10,10,2.4,2.0,18.0,3.0
620,0,0,650,1,50,IVN,1,0,10,10,2.4,2.0,19.0,4.0
621,0,0,650,1,50,IVN,1,0,10,10,2.4,2.0,20.0,2.0
622,0,0,650,1,50,IVN,1,0,10,10,2.4,2.0,21.0,2.0
623,0,0,650,1,50,IVN,1,0,10,10,2.4,2.0,22.0,1.0
624,0,0,650,1,50,IVN,1,0,10,10,2.4,2.0,23.0,1.0
625,0,0,650,1,50,IVN,1,0,10,10,2.4,2.0,24.0,1.0
626,0,0,650,1,50,IVN,1,0,10,10,2.4,2.0,25.0,1.0
627,0,0,650,1,50,IVN,1,0,10,10,2.4,2.0,26.0,4.0
628,0,0,650,1,50,IVN,1,0,10,10,2.4,2.0,27.0,2.0
629,0,0,650,1,50,IVN,1,0,10,10,2.4,2.0,28.0,2.0
630,0,0,650,1,50,IVN,1,0,10,10,2.4,2.0,29.0,4.0
631,0,0,650,1,50,IVN,1,0,10,10,2.4,2.0,30.0,2.0
632,0,0,650,1,50,IVN,1,0,10,10,2.4,2.0,31.0,3.0
633,0,0,650,1,50,IVN,1,0,10,10,2.4,2.0,32.0,4.0
634,0,0,650,1,50,IVN,1,0,10,10,2.4,2.0,33.0,4.0
635,0,0,650,1,50,IVN,1,0,10,10,2.4,2.0,34.0,2.0
636,0,0,650,1,50,IVN,1,0,10,10,2.4,2.0,35.0,4.0
637,0,0,650,1,50,IVN,1,0,10,10,2.4,2.0,36.0,4.0
638,0,0,650,1,50,IVN,1,0,10,10,2.4,2.0,37.0,2.0
639,0,0,650,1,50,IVN,1,0,10,10,2.4,2.0,38.0,2.0
640,0,0,650,1,50,IVN,1,0,10,10,2.4,2.0,39.0,4.0
641,0,0,650,1,50,IVN,1,0,10,10,2.4,2.0,40.0,4.0
642,0,0,650,1,50,IVN,1,0,10,10,2.4,2.0,41.0,4.0
643,0,0,650,1,50,IVN,1,0,10,10,2.4,2.0,42.0,2.0
644,0,0,650,1,50,IVN,1,0,10,10,2.4,2.0,43.0,1.0
645,0,0,650,1,50,IVN,1,0,10,10,2.4,2.0,44.0,2.0
646,0,0,650,1,50,IVN,1,0,10,10,2.4,2.0,45.0,1.0
647,0,0,650,1,50,IVN,1,0,10,10,2.4,2.0,46.0,1.0
648,0,0,650,1,50,IVN,1,0,10,10,2.4,2.0,47.0,1.0
649,0,0,650,1,50,IVN,1,0,10,10,2.4,2.0,48.0,4.0
650,0,0,650,1,50,IVN,1,0,10,10,2.4,2.0,49.0,4.0
651,0,0,700,1,50,IVN,1,0,10,10,2.4,2.0,0.0,2.0
652,0,0,700,1,50,IVN,1,0,10,10,2.4,2.0,1.0,2.0
653,0,0,700,1,50,IVN,1,0,10,10,2.4,2.0,2.0,2.0
654,0,0,700,1,50,IVN,1,0,10,10,2.4,2.0,3.0,1.0
655,0,0,700,1,50,IVN,1,0,10,10,2.4,2.0,4.0,2.0
656,0,0,700,1,50,IVN,1,0,10,10,2.4,2.0,5.0,2.0
657,0,0,700,1,50,IVN,1,0,10,10,2.4,2.0,6.0,1.0
658,0,0,700,1,50,IVN,1,0,10,10,2.4,2.0,7.0,1.0
659,0,0,700,1,50,IVN,1,0,10,10,2.4,2.0,8.0,4.0
660,0,0,700,1,50,IVN,1,0,10,10,2.4,2.0,9.0,4.0
661,0,0,700,1,50,IVN,1,0,10,10,2.4,2.0,10.0,3.0
662,0,0,700,1,50,IVN,1,0,10,10,2.4,2.0,11.0,1.0
663,0,0,700,1,50,IVN,1,0,10,10,2.4,2.0,12.0,1.0
664,0,0,700,1,50,IVN,1,0,10,10,2.4,2.0,13.0,4.0
665,0,0,700,1,50,IVN,1,0,10,10,2.4,2.0,14.0,2.0
666,0,0,700,1,50,IVN,1,0,10,10,2.4,2.0,15.0,1.0
667,0,0,700,1,50,IVN,1,0,10,10,2.4,2.0,16.0,4.0
668,0,0,700,1,50,IVN,1,0,10,10,2.4,2.0,17.0,1.0
669,0,0,700,1,50,IVN,1,0,10,10,2.4,2.0,18.0,3.0
670,0,0,700,1,50,IVN,1,0,10,10,2.4,2.0,19.0,4.0
671,0,0,700,1,50,IVN,1,0,10,10,2.4,2.0,20.0,2.0
672,0,0,700,1,50,IVN,1,0,10,10,2.4,2.0,21.0,2.0
673,0,0,700,1,50,IVN,1,0,10,10,2.4,2.0,22.0,1.0
674,0,0,700,1,50,IVN,1,0,10,10,2.4,2.0,23.0,1.0
675,0,0,700,1,50,IVN,1,0,10,10,2.4,2.0,24.0,1.0
676,0,0,700,1,50,IVN,1,0,10,10,2.4,2.0,25.0,1.0
677,0,0,700,1,50,IVN,1,0,10,10,2.4,2.0,26.0,4.0
678,0,0,700,1,50,IVN,1,0,10,10,2.4,2.0,27.0,2.0
679,0,0,700,1,50,IVN,1,0,10,10,2.4,2.0,28.0,2.0
680,0,0,700,1,50,IVN,1,0,10,10,2.4,2.0,29.0,4.0
681,0,0,700,1,50,IVN,1,0,10,10,2.4,2.0,30.0,2.0
682,0,0,700,1,50,IVN,1,0,10,10,2.4,2.0,31.0,3.0
683,0,0,700,1,50,IVN,1,0,10,10,2.4,2.0,32.0,4.0
684,0,0,700,1,50,IVN,1,0,10,10,2.4,2.0,33.0,4.0
685,0,0,700,1,50,IVN,1,0,10,10,2.4,2.0,34.0,2.0
686,0,0,700,1,50,IVN,1,0,10,10,2.4,2.0,35.0,4.0
687,0,0,700,1,50,IVN,1,0,10,10,2.4,2.0,36.0,4.0
688,0,0,700,1,50,IVN,1,0,10,10,2.4,2.0,37.0,2.0
689,0,0,700,1,50,IVN,1,0,10,10,2.4,2.0,38.0,2.0
690,0,0,700,1,50,IVN,1,0,10,10,2.4,2.0,39.0,4.0
691,0,0,700,1,50,IVN,1,0,10,10,2.4,2.0,40.0,4.0
692,0,0,700,1,50,IVN,1,0,10,10,2.4,2.0,41.0,4.0
693,0,0,700,1,50,IVN,1,0,10,10,2.4,2.0,42.0,2.0
694,0,0,700,1,50,IVN,1,0,10,10,2.4,2.0,43.0,1.0
695,0,0,700,1,50,IVN,1,0,10,10,2.4,2.0,44.0,2.0
696,0,0,700,1,50,IVN,1,0,10,10,2.4,2.0,45.0,1.0
697,0,0,700,1,50,IVN,1,0,10,10,2.4,2.0,46.0,1.0
698,0,0,700,1,50,IVN,1,0,10,10,2.4,2.0,47.0,1.0
699,0,0,700,1,50,IVN,1,0,10,10,2.4,2.0,48.0,4.0
700,0,0,700,1,50,IVN,1,0,10,10,2.4,2.0,49.0,4.0
701,0,0,750,1,50,IVN,1,0,10,10,2.4,2.0,0.0,2.0
702,0,0,750,1,50,IVN,1,0,10,10,2.4,2.0,1.0,2.0
703,0,0,750,1,50,IVN,1,0,10,10,2.4,2.0,2.0,2.0
704,0,0,750,1,50,IVN,1,0,10,10,2.4,2.0,3.0,1.0
705,0,0,750,1,50,IVN,1,0,10,10,2.4,2.0,4.0,2.0
706,0,0,750,1,50,IVN,1,0,10,10,2.4,2.0,5.0,2.0
707,0,0,750,1,50,IVN,1,0,10,10,2.4,2.0,6.0,1.0
708,0,0,750,1,50,IVN,1,0,10,10,2.4,2.0,7.0,1.0
709,0,0,750,1,50,IVN,1,0,10,10,2.4,2.0,8.0,4.0
710,0,0,750,1,50,IVN,1,0,10,10,2.4,2.0,9.0,4.0
711,0,0,750,1,50,IVN,1,0,10,10,2.4,2.0,10.0,3.0
712,0,0,750,1,50,IVN,1,0,10,10,2.4,2.0,11.0,1.0
713,0,0,750,1,50,IVN,1,0,10,10,2.4,2.0,12.0,1.0
714,0,0,750,1,50,IVN,1,0,10,10,2.4,2.0,13.0,4.0
715,0,0,750,1,50,IVN,1,0,10,10,2.4,2.0,14.0,2.0
716,0,0,750,1,50,IVN,1,0,10,10,2.4,2.0,15.0,1.0
717,0,0,750,1,50,IVN,1,0,10,10,2.4,2.0,16.0,4.0
718,0,0,750,1,50,IVN,1,0,10,10,2.4,2.0,17.0,1.0
719,0,0,750,1,50,IVN,1,0,10,10,2.4,2.0,18.0,3.0
720,0,0,750,1,50,IVN,1,0,10,10,2.4,2.0,19.0,4.0
721,0,0,750,1,50,IVN,1,0,10,10,2.4,2.0,20.0,2.0
722,0,0,750,1,50,IVN,1,0,10,10,2.4,2.0,21.0,2.0
723,0,0,750,1,50,IVN,1,0,10,10,2.4,2.0,22.0,1.0
724,0,0,750,1,50,IVN,1,0,10,10,2.4,2.0,23.0,1.0
725,0,0,750,1,50,IVN,1,0,10,10,2.4,2.0,24.0,1.0
726,0,0,750,1,50,IVN,1,0,10,10,2.4,2.0,25.0,1.0
727,0,0,750,1,50,IVN,1,0,10,10,2.4,2.0,26.0,4.0
728,0,0,750,1,50,IVN,1,0,10,10,2.4,2.0,27.0,2.0
729,0,0,750,1,50,IVN,1,0,10,10,2.4,2.0,28.0,2.0
730,0,0,750,1,50,IVN,1,0,10,10,2.4,2.0,29.0,4.0
731,0,0,750,1,50,IVN,1,0,10,10,2.4,2.0,30.0,2.0
732,0,0,750,1,50,IVN,1,0,10,10,2.4,2.0,31.0,3.0
733,0,0,750,1,50,IVN,1,0,10,10,2.4,2.0,32.0,4.0
734,0,0,750,1,50,IVN,1,0,10,10,2.4,2.0,33.0,4.0
735,0,0,750,1,50,IVN,1,0,10,10,2.4,2.0,34.0,2.0
736,0,0,750,1,50,IVN,1,0,10,10,2.4,2.0,35.0,4.0
737,0,0,750,1,50,IVN,1,0,10,10,2.4,2.0,36.0,4.0
738,0,0,750,1,50,IVN,1,0,10,10,2.4,2.0,37.0,2.0
739,0,0,750,1,50,IVN,1,0,10,10,2.4,2.0,38.0,2.0
740,0,0,750,1,50,IVN,1,0,10,10,2.4,2.0,39.0,4.0
741,0,0,750,1,50,IVN,1,0,10,10,2.4,2.0,40.0,4.0
742,0,0,750,1,50,IVN,1,0,10,10,2.4,2.0,41.0,4.0
743,0,0,750,1,50,IVN,1,0,10,10,2.4,2.0,42.0,2.0
744,0,0,750,1,50,IVN,1,0,10,10,2.4,2.0,43.0,1.0
745,0,0,750,1,50,IVN,1,0,10,10,2.4,2.0,44.0,2.0
746,0,0,750,1,50,IVN,1,0,10,10,2.4,2.0,45.0,1.0
747,0,0,750,1,50,IVN,1,0,10,10,2.4,2.0,46.0,1.0
748,0,0,750,1,50,IVN,1,0,10,10,2.4,2.0,47.0,1.0
749,0,0,750,1,50,IVN,1,0,10,10,2.4,2.0,48.0,4.0
750,0,0,750,1,50,IVN,1,0,10,10,2.4,2.0,49.0,4.0
751,0,0,800,1,50,IVN,1,0,10,10,2.4,2.0,0.0,2.0
752,0,0,800,1,50,IVN,1,0,10,10,2.4,2.0,1.0,2.0
753,0,0,800,1,50,IVN,1,0,10,10,2.4,2.0,2.0,2.0
754,0,0,800,1,50,IVN,1,0,10,10,2.4,2.0,3.0,1.0
755,0,0,800,1,50,IVN,1,0,10,10,2.4,2.0,4.0,2.0
756,0,0,800,1,50,IVN,1,0,10,10,2.4,2.0,5.0,2.0
757,0,0,800,1,50,IVN,1,0,10,10,2.4,2.0,6.0,1.0
758,0,0,800,1,50,IVN,1,0,10,10,2.4,2.0,7.0,1.0
759,0,0,800,1,50,IVN,1,0,10,10,2.4,2.0,8.0,4.0
760,0,0,800,1,50,IVN,1,0,10,10,2.4,2.0,9.0,4.0
761,0,0,800,1,50,IVN,1,0,10,10,2.4,2.0,10.0,3.0
762,0,0,800,1,50,IVN,1,0,10,10,2.4,2.0,11.0,1.0
763,0,0,800,1,50,IVN,1,0,10,10,2.4,2.0,12.0,1.0
764,0,0,800,1,50,IVN,1,0,10,10,2.4,2.0,13.0,4.0
765,0,0,800,1,50,IVN,1,0,10,10,2.4,2.0,14.0,2.0
766,0,0,800,1,50,IVN,1,0,10,10,2.4,2.0,15.0,1.0
767,0,0,800,1,50,IVN,1,0,10,10,2.4,2.0,16.0,4.0
768,0,0,800,1,50,IVN,1,0,10,10,2.4,2.0,17.0,1.0
769,0,0,800,1,50,IVN,1,0,10,10,2.4,2.0,18.0,3.0
770,0,0,800,1,50,IVN,1,0,10,10,2.4,2.0,19.0,4.0
771,0,0,800,1,50,IVN,1,0,10,10,2.4,2.0,20.0,2.0
772,0,0,800,1,50,IVN,1,0,10,10,2.4,2.0,21.0,2.0
773,0,0,800,1,50,IVN,1,0,10,10,2.4,2.0,22.0,1.0
774,0,0,800,1,50,IVN,1,0,10,10,2.4,2.0,23.0,1.0
775,0,0,800,1,50,IVN,1,0,10,10,2.4,2.0,24.0,1.0
776,0,0,800,1,50,IVN,1,0,10,10,2.4,2.0,25.0,1.0
777,0,0,800,1,50,IVN,1,0,10,10,2.4,2.0,26.0,4.0
778,0,0,800,1,50,IVN,1,0,10,10,2.4,2.0,27.0,2.0
779,0,0,800,1,50,IVN,1,0,10,10,2.4,2.0,28.0,2.0
780,0,0,800,1,50,IVN,1,0,10,10,2.4,2.0,29.0,4.0
781,0,0,800,1,50,IVN,1,0,10,10,2.4,2.0,30.0,2.0
782,0,0,800,1,50,IVN,1,0,10,10,2.4,2.0,31.0,3.0
783,0,0,800,1,50,IVN,1,0,10,10,2.4,2.0,32.0,4.0
784,0,0,800,1,50,IVN,1,0,10,10,2.4,2.0,33.0,4.0
785,0,0,800,1,50,IVN,1,0,10,10,2.4,2.0,34.0,2.0
786,0,0,800,1,50,IVN,1,0,10,10,2.4,2.0,35.0,4.0
787,0,0,800,1,50,IVN,1,0,10,10,2.4,2.0,36.0,4.0
788,0,0,800,1,50,IVN,1,0,10,10,2.4,2.0,37.0,2.0
789,0,0,800,1,50,IVN,1,0,10,10,2.4,2.0,38.0,2.0
790,0,0,800,1,50,IVN,1,0,10,10,2.4,2.0,39.0,4.0
791,0,0,800,1,50,IVN,1,0,10,10,2.4,2.0,40.0,4.0
792,0,0,800,1,50,IVN,1,0,10,10,2.4,2.0,41.0,4.0
793,0,0,800,1,50,IVN,1,0,10,10,2.4,2.0,42.0,2.0
794,0,0,800,1,50,IVN,1,0,10,10,2.4,2.0,43.0,1.0
795,0,0,800,1,50,IVN,1,0,10,10,2.4,2.0,44.0,2.0
796,0,0,800,1,50,IVN,1,0,10,10,2.4,2.0,45.0,1.0
797,0,0,800,1,50,IVN,1,0,10,10,2.4,2.0,46.0,1.0
798,0,0,800,1,50,IVN,1,0,10,10,2.4,2.0,47.0,1.0
799,0,0,800,1,50,IVN,1,0,10,10,2.4,2.0,48.0,4.0
800,0,0,800,1,50,IVN,1,0,10,10,2.4,2.0,49.0,4.0
801,0,0,850,1,50,IVN,1,0,10,10,2.4,2.0,0.0,2.0
802,0,0,850,1,50,IVN,1,0,10,10,2.4,2.0,1.0,2.0
803,0,0,850,1,50,IVN,1,0,10,10,2.4,2.0,2.0,2.0
804,0,0,850,1,50,IVN,1,0,10,10,2.4,2.0,3.0,1.0
805,0,0,850,1,50,IVN,1,0,10,10,2.4,2.0,4.0,2.0
806,0,0,850,1,50,IVN,1,0,10,10,2.4,2.0,5.0,2.0
807,0,0,850,1,50,IVN,1,0,10,10,2.4,2.0,6.0,1.0
808,0,0,850,1,50,IVN,1,0,10,10,2.4,2.0,7.0,1.0
809,0,0,850,1,50,IVN,1,0,10,10,2.4,2.0,8.0,4.0
810,0,0,850,1,50,IVN,1,0,10,10,2.4,2.0,9.0,4.0
811,0,0,850,1,50,IVN,1,0,10,10,2.4,2.0,10.0,3.0
812,0,0,850,1,50,IVN,1,0,10,10,2.4,2.0,11.0,1.0
813,0,0,850,1,50,IVN,1,0,10,10,2.4,2.0,12.0,1.0
814,0,0,850,1,50,IVN,1,0,10,10,2.4,2.0,13.0,4.0
815,0,0,850,1,50,IVN,1,0,10,10,2.4,2.0,14.0,2.0
816,0,0,850,1,50,IVN,1,0,10,10,2.4,2.0,15.0,1.0
817,0,0,850,1,50,IVN,1,0,10,10,2.4,2.0,16.0,4.0
818,0,0,850,1,50,IVN,1,0,10,10,2.4,2.0,17.0,1.0
819,0,0,850,1,50,IVN,1,0,10,10,2.4,2.0,18.0,3.0
820,0,0,850,1,50,IVN,1,0,10,10,2.4,2.0,19.0,4.0
821,0,0,850,1,50,IVN,1,0,10,10,2.4,2.0,20.0,2.0
822,0,0,850,1,50,IVN,1,0,10,10,2.4,2.0,21.0,2.0
823,0,0,850,1,50,IVN,1,0,10,10,2.4,2.0,22.0,1.0
824,0,0,850,1,50,IVN,1,0,10,10,2.4,2.0,23.0,1.0
825,0,0,850,1,50,IVN,1,0,10,10,2.4,2.0,24.0,1.0
826,0,0,850,1,50,IVN,1,0,10,10,2.4,2.0,25.0,1.0
827,0,0,850,1,50,IVN,1,0,10,10,2.4,2.0,26.0,4.0
828,0,0,850,1,50,IVN,1,0,10,10,2.4,2.0,27.0,2.0
829,0,0,850,1,50,IVN,1,0,10,10,2.4,2.0,28.0,2.0
830,0,0,850,1,50,IVN,1,0,10,10,2.4,2.0,29.0,4.0
831,0,0,850,1,50,IVN,1,0,10,10,2.4,2.0,30.0,2.0
832,0,0,850,1,50,IVN,1,0,10,10,2.4,2.0,31.0,3.0
833,0,0,850,1,50,IVN,1,0,10,10,2.4,2.0,32.0,4.0
834,0,0,850,1,50,IVN,1,0,10,10,2.4,2.0,33.0,4.0
835,0,0,850,1,50,IVN,1,0,10,10,2.4,2.0,34.0,2.0
836,0,0,850,1,50,IVN,1,0,10,10,2.4,2.0,35.0,4.0
837,0,0,850,1,50,IVN,1,0,10,10,2.4,2.0,36.0,4.0
838,0,0,850,1,50,IVN,1,0,10,10,2.4,2.0,37.0,2.0
839,0,0,850,1,50,IVN,1,0,10,10,2.4,2.0,38.0,2.0
840,0,0,850,1,50,IVN,1,0,10,10,2.4,2.0,39.0,4.0
841,0,0,850,1,50,IVN,1,0,10,10,2.4,2.0,40.0,4.0
842,0,0,850,1,50,IVN,1,0,10,10,2.4,2.0,41.0,4.0
843,0,0,850,1,50,IVN,1,0,10,10,2.4,2.0,42.0,2.0
844,0,0,850,1,50,IVN,1,0,10,10,2.4,2.0,43.0,1.0
845,0,0,850,1,50,IVN,1,0,10,10,2.4,2.0,44.0,2.0
846,0,0,850,1,50,IVN,1,0,10,10,2.4,2.0,45.0,1.0
847,0,0,850,1,50,IVN,1,0,10,10,2.4,2.0,46.0,1.0
848,0,0,850,1,50,IVN,1,0,10,10,2.4,2.0,47.0,1.0
849,0,0,850,1,50,IVN,1,0,10,10,2.4,2.0,48.0,4.0
850,0,0,850,1,50,IVN,1,0,10,10,2.4,2.0,49.0,4.0
851,0,0,900,1,50,IVN,1,0,10,10,2.4,2.0,0.0,2.0
852,0,0,900,1,50,IVN,1,0,10,10,2.4,2.0,1.0,2.0
853,0,0,900,1,50,IVN,1,0,10,10,2.4,2.0,2.0,2.0
854,0,0,900,1,50,IVN,1,0,10,10,2.4,2.0,3.0,1.0
855,0,0,900,1,50,IVN,1,0,10,10,2.4,2.0,4.0,2.0
856,0,0,900,1,50,IVN,1,0,10,10,2.4,2.0,5.0,2.0
857,0,0,900,1,50,IVN,1,0,10,10,2.4,2.0,6.0,1.0
858,0,0,900,1,50,IVN,1,0,10,10,2.4,2.0,7.0,1.0
859,0,0,900,1,50,IVN,1,0,10,10,2.4,2.0,8.0,4.0
860,0,0,900,1,50,IVN,1,0,10,10,2.4,2.0,9.0,4.0
861,0,0,900,1,50,IVN,1,0,10,10,2.4,2.0,10.0,3.0
862,0,0,900,1,50,IVN,1,0,10,10,2.4,2.0,11.0,1.0
863,0,0,900,1,50,IVN,1,0,10,10,2.4,2.0,12.0,1.0
864,0,0,900,1,50,IVN,1,0,10,10,2.4,2.0,13.0,4.0
865,0,0,900,1,50,IVN,1,0,10,10,2.4,2.0,14.0,2.0
866,0,0,900,1,50,IVN,1,0,10,10,2.4,2.0,15.0,1.0
867,0,0,900,1,50,IVN,1,0,10,10,2.4,2.0,16.0,4.0
868,0,0,900,1,50,IVN,1,0,10,10,2.4,2.0,17.0,1.0
869,0,0,900,1,50,IVN,1,0,10,10,2.4,2.0,18.0,3.0
870,0,0,900,1,50,IVN,1,0,10,10,2.4,2.0,19.0,4.0
871,0,0,900,1,50,IVN,1,0,10,10,2.4,2.0,20.0,2.0
872,0,0,900,1,50,IVN,1,0,10,10,2.4,2.0,21.0,2.0
873,0,0,900,1,50,IVN,1,0,10,10,2.4,2.0,22.0,1.0
874,0,0,900,1,50,IVN,1,0,10,10,2.4,2.0,23.0,1.0
875,0,0,900,1,50,IVN,1,0,10,10,2.4,2.0,24.0,1.0
876,0,0,900,1,50,IVN,1,0,10,10,2.4,2.0,25.0,1.0
877,0,0,900,1,50,IVN,1,0,10,10,2.4,2.0,26.0,4.0
878,0,0,900,1,50,IVN,1,0,10,10,2.4,2.0,27.0,2.0
879,0,0,900,1,50,IVN,1,0,10,10,2.4,2.0,28.0,2.0
880,0,0,900,1,50,IVN,1,0,10,10,2.4,2.0,29.0,4.0
881,0,0,900,1,50,IVN,1,0,10,10,2.4,2.0,30.0,2.0
882,0,0,900,1,50,IVN,1,0,10,10,2.4,2.0,31.0,3.0
883,0,0,900,1,50,IVN,1,0,10,10,2.4,2.0,32.0,4.0
884,0,0,900,1,50,IVN,1,0,10,10,2.4,2.0,33.0,4.0
885,0,0,900,1,50,IVN,1,0,10,10,2.4,2.0,34.0,2.0
886,0,0,900,1,50,IVN,1,0,10,10,2.4,2.0,35.0,4.0
887,0,0,900,1,50,IVN,1,0,10,10,2.4,2.0,36.0,4.0
888,0,0,900,1,50,IVN,1,0,10,10,2.4,2.0,37.0,2.0
889,0,0,900,1,50,IVN,1,0,10,10,2.4,2.0,38.0,2.0
890,0,0,900,1,50,IVN,1,0,10,10,2.4,2.0,39.0,4.0
891,0,0,900,1,50,IVN,1,0,10,10,2.4,2.0,40.0,4.0
892,0,0,900,1,50,IVN,1,0,10,10,2.4,2.0,41.0,4.0
893,0,0,900,1,50,IVN,1,0,10,10,2.4,2.0,42.0,2.0
894,0,0,900,1,50,IVN,1,0,10,10,2.4,2.0,43.0,1.0
895,0,0,900,1,50,IVN,1,0,10,10,2.4,2.0,44.0,2.0
896,0,0,900,1,50,IVN,1,0,10,10,2.4,2.0,45.0,1.0
897,0,0,900,1,50,IVN,1,0,10,10,2.4,2.0,46.0,1.0
898,0,0,900,1,50,IVN,1,0,10,10,2.4,2.0,47.0,1.0
899,0,0,900,1,50,IVN,1,0,10,10,2.4,2.0,48.0,4.0
900,0,0,900,1,50,IVN,1,0,10,10,2.4,2.0,49.0,4.0
901,0,0,950,1,50,IVN,1,0,10,10,2.4,2.0,0.0,2.0
902,0,0,950,1,50,IVN,1,0,10,10,2.4,2.0,1.0,2.0
903,0,0,950,1,50,IVN,1,0,10,10,2.4,2.0,2.0,2.0
904,0,0,950,1,50,IVN,1,0,10,10,2.4,2.0,3.0,1.0
905,0,0,950,1,50,IVN,1,0,10,10,2.4,2.0,4.0,2.0
906,0,0,950,1,50,IVN,1,0,10,10,2.4,2.0,5.0,2.0
907,0,0,950,1,50,IVN,1,0,10,10,2.4,2.0,6.0,1.0
908,0,0,950,1,50,IVN,1,0,10,10,2.4,2.0,7.0,1.0
909,0,0,950,1,50,IVN,1,0,10,10,2.4,2.0,8.0,4.0
910,0,0,950,1,50,IVN,1,0,10,10,2.4,2.0,9.0,4.0
911,0,0,950,1,50,IVN,1,0,10,10,2.4,2.0,10.0,3.0
912,0,0,950,1,50,IVN,1,0,10,10,2.4,2.0,11.0,1.0
913,0,0,950,1,50,IVN,1,0,10,10,2.4,2.0,12.0,1.0
914,0,0,950,1,50,IVN,1,0,10,10,2.4,2.0,13.0,4.0
915,0,0,950,1,50,IVN,1,0,10,10,2.4,2.0,14.0,2.0
916,0,0,950,1,50,IVN,1,0,10,10,2.4,2.0,15.0,1.0
917,0,0,950,1,50,IVN,1,0,10,10,2.4,2.0,16.0,4.0
918,0,0,950,1,50,IVN,1,0,10,10,2.4,2.0,17.0,1.0
919,0,0,950,1,50,IVN,1,0,10,10,2.4,2.0,18.0,3.0
920,0,0,950,1,50,IVN,1,0,10,10,2.4,2.0,19.0,4.0
921,0,0,950,1,50,IVN,1,0,10,10,2.4,2.0,20.0,2.0
922,0,0,950,1,50,IVN,1,0,10,10,2.4,2.0,21.0,2.0
923,0,0,950,1,50,IVN,1,0,10,10,2.4,2.0,22.0,1.0
924,0,0,950,1,50,IVN,1,0,10,10,2.4,2.0,23.0,1.0
925,0,0,950,1,50,IVN,1,0,10,10,2.4,2.0,24.0,1.0
926,0,0,950,1,50,IVN,1,0,10,10,2.4,2.0,25.0,1.0
927,0,0,950,1,50,IVN,1,0,10,10,2.4,2.0,26.0,4.0
928,0,0,950,1,50,IVN,1,0,10,10,2.4,2.0,27.0,2.0
929,0,0,950,1,50,IVN,1,0,10,10,2.4,2.0,28.0,2.0
930,0,0,950,1,50,IVN,1,0,10,10,2.4,2.0,29.0,4.0
931,0,0,950,1,50,IVN,1,0,10,10,2.4,2.0,30.0,2.0
932,0,0,950,1,50,IVN,1,0,10,10,2.4,2.0,31.0,3.0
933,0,0,950,1,50,IVN,1,0,10,10,2.4,2.0,32.0,4.0
934,0,0,950,1,50,IVN,1,0,10,10,2.4,2.0,33.0,4.0
935,0,0,950,1,50,IVN,1,0,10,10,2.4,2.0,34.0,2.0
936,0,0,950,1,50,IVN,1,0,10,10,2.4,2.0,35.0,4.0
937,0,0,950,1,50,IVN,1,0,10,10,2.4,2.0,36.0,4.0
938,0,0,950,1,50,IVN,1,0,10,10,2.4,2.0,37.0,2.0
939,0,0,950,1,50,IVN,1,0,10,10,2.4,2.0,38.0,2.0
940,0,0,950,1,50,IVN,1,0,10,10,2.4,2.0,39.0,4.0
941,0,0,950,1,50,IVN,1,0,10,10,2.4,2.0,40.0,4.0
942,0,0,950,1,50,IVN,1,0,10,10,2.4,2.0,41.0,4.0
943,0,0,950,1,50,IVN,1,0,10,10,2.4,2.0,42.0,2.0
944,0,0,950,1,50,IVN,1,0,10,10,2.4,2.0,43.0,1.0
945,0,0,950,1,50,IVN,1,0,10,10,2.4,2.0,44.0,2.0
946,0,0,950,1,50,IVN,1,0,10,10,2.4,2.0,45.0,1.0
947,0,0,950,1,50,IVN,1,0,10,10,2.4,2.0,46.0,1.0
948,0,0,950,1,50,IVN,1,0,10,10,2.4,2.0,47.0,1.0
949,0,0,950,1,50,IVN,1,0,10,10,2.4,2.0,48.0,4.0
950,0,0,950,1,50,IVN,1,0,10,10,2.4,2.0,49.0,4.0
951,0,0,1000,1,50,IVN,1,0,10,10,2.4,2.0,0.0,2.0
952,0,0,1000,1,50,IVN,1,0,10,10,2.4,2.0,1.0,2.0
953,0,0,1000,1,50,IVN,1,0,10,10,2.4,2.0,2.0,2.0
954,0,0,1000,1,50,IVN,1,0,10,10,2.4,2.0,3.0,1.0
955,0,0,1000,1,50,IVN,1,0,10,10,2.4,2.0,4.0,2.0
956,0,0,1000,1,50,IVN,1,0,10,10,2.4,2.0,5.0,2.0
957,0,0,1000,1,50,IVN,1,0,10,10,2.4,2.0,6.0,1.0
958,0,0,1000,1,50,IVN,1,0,10,10,2.4,2.0,7.0,1.0
959,0,0,1000,1,50,IVN,1,0,10,10,2.4,2.0,8.0,4.0
960,0,0,1000,1,50,IVN,1,0,10,10,2.4,2.0,9.0,4.0
961,0,0,1000,1,50,IVN,1,0,10,10,2.4,2.0,10.0,3.0
962,0,0,1000,1,50,IVN,1,0,10,10,2.4,2.0,11.0,1.0
963,0,0,1000,1,50,IVN,1,0,10,10,2.4,2.0,12.0,1.0
964,0,0,1000,1,50,IVN,1,0,10,10,2.4,2.0,13.0,4.0
965,0,0,1000,1,50,IVN,1,0,10,10,2.4,2.0,14.0,2.0
966,0,0,1000,1,50,IVN,1,0,10,10,2.4,2.0,15.0,1.0
967,0,0,1000,1,50,IVN,1,0,10,10,2.4,2.0,16.0,4.0
968,0,0,1000,1,50,IVN,1,0,10,10,2.4,2.0,17.0,1.0
969,0,0,1000,1,50,IVN,1,0,10,10,2.4,2.0,18.0,3.0
970,0,0,1000,1,50,IVN,1,0,10,10,2.4,2.0,19.0,4.0
971,0,0,1000,1,50,IVN,1,0,10,10,2.4,2.0,20.0,2.0
972,0,0,1000,1,50,IVN,1,0,10,10,2.4,2.0,21.0,2.0
973,0,0,1000,1,50,IVN,1,0,10,10,2.4,2.0,22.0,1.0
974,0,0,1000,1,50,IVN,1,0,10,10,2.4,2.0,23.0,1.0
975,0,0,1000,1,50,IVN,1,0,10,10,2.4,2.0,24.0,1.0
976,0,0,1000,1,50,IVN,1,0,10,10,2.4,2.0,25.0,1.0
977,0,0,1000,1,50,IVN,1,0,10,10,2.4,2.0,26.0,4.0
978,0,0,1000,1,50,IVN,1,0,10,10,2.4,2.0,27.0,2.0
979,0,0,1000,1,50,IVN,1,0,10,10,2.4,2.0,28.0,2.0
980,0,0,1000,1,50,IVN,1,0,10,10,2.4,2.0,29.0,4.0
981,0,0,1000,1,50,IVN,1,0,10,10,2.4,2.0,30.0,2.0
982,0,0,1000,1,50,IVN,1,0,10,10,2.4,2.0,31.0,3.0
983,0,0,1000,1,50,IVN,1,0,10,10,2.4,2.0,32.0,4.0
984,0,0,1000,1,50,IVN,1,0,10,10,2.4,2.0,33.0,4.0
985,0,0,1000,1,50,IVN,1,0,10,10,2.4,2.0,34.0,2.0
986,0,0,1000,1,50,IVN,1,0,10,10,2.4,2.0,35.0,4.0
987,0,0,1000,1,50,IVN,1,0,10,10,2.4,2.0,36.0,4.0
988,0,0,1000,1,50,IVN,1,0,10,10,2.4,2.0,37.0,2.0
989,0,0,1000,1,50,IVN,1,0,10,10,2.4,2.0,38.0,2.0
990,0,0,1000,1,50,IVN,1,0,10,10,2.4,2.0,39.0,4.0
991,0,0,1000,1,50,IVN,1,0,10,10,2.4,2.0,40.0,4.0
992,0,0,1000,1,50,IVN,1,0,10,10,2.4,2.0,41.0,4.0
993,0,0,1000,1,50,IVN,1,0,10,10,2.4,2.0,42.0,2.0
994,0,0,1000,1,50,IVN,1,0,10,10,2.4,2.0,43.0,1.0
995,0,0,1000,1,50,IVN,1,0,10,10,2.4,2.0,44.0,2.0
996,0,0,1000,1,50,IVN,1,0,10,10,2.4,2.0,45.0,1.0
997,0,0,1000,1,50,IVN,1,0,10,10,2.4,2.0,46.0,1.0
998,0,0,1000,1,50,IVN,1,0,10,10,2.4,2.0,47.0,1.0
999,0,0,1000,1,50,IVN,1,0,10,10,2.4,2.0,48.0,4.0
1000,0,0,1000,1,50,IVN,1,0,10,10,2.4,2.0,49.0,4.0
1001,1,1,0,1,50,IVN,1,0,10,10,1.76,2.0,,
1002,1,1,50,1,50,IVN,1,0,10,10,1.88,2.0,0.0,2.0
1003,1,1,50,1,50,IVN,1,0,10,10,1.88,2.0,1.0,2.0
1004,1,1,50,1,50,IVN,1,0,10,10,1.88,2.0,2.0,3.0
1005,1,1,50,1,50,IVN,1,0,10,10,1.88,2.0,3.0,2.0
1006,1,1,50,1,50,IVN,1,0,10,10,1.88,2.0,4.0,1.0
1007,1,1,50,1,50,IVN,1,0,10,10,1.88,2.0,5.0,1.0
1008,1,1,50,1,50,IVN,1,0,10,10,1.88,2.0,6.0,2.0
1009,1,1,50,1,50,IVN,1,0,10,10,1.88,2.0,7.0,1.0
1010,1,1,50,1,50,IVN,1,0,10,10,1.88,2.0,8.0,1.0
1011,1,1,50,1,50,IVN,1,0,10,10,1.88,2.0,9.0,1.0
1012,1,1,50,1,50,IVN,1,0,10,10,1.88,2.0,10.0,1.0
1013,1,1,50,1,50,IVN,1,0,10,10,1.88,2.0,11.0,3.0
1014,1,1,50,1,50,IVN,1,0,10,10,1.88,2.0,12.0,1.0
1015,1,1,50,1,50,IVN,1,0,10,10,1.88,2.0,13.0,3.0
1016,1,1,50,1,50,IVN,1,0,10,10,1.88,2.0,14.0,3.0
1017,1,1,50,1,50,IVN,1,0,10,10,1.88,2.0,15.0,3.0
1018,1,1,50,1,50,IVN,1,0,10,10,1.88,2.0,16.0,2.0
1019,1,1,50,1,50,IVN,1,0,10,10,1.88,2.0,17.0,1.0
1020,1,1,50,1,50,IVN,1,0,10,10,1.88,2.0,18.0,2.0
1021,1,1,50,1,50,IVN,1,0,10,10,1.88,2.0,19.0,1.0
1022,1,1,50,1,50,IVN,1,0,10,10,1.88,2.0,20.0,3.0
1023,1,1,50,1,50,IVN,1,0,10,10,1.88,2.0,21.0,2.0
1024,1,1,50,1,50,IVN,1,0,10,10,1.88,2.0,22.0,1.0
1025,1,1,50,1,50,IVN,1,0,10,10,1.88,2.0,23.0,1.0
1026,1,1,50,1,50,IVN,1,0,10,10,1.88,2.0,24.0,2.0
1027,1,1,50,1,50,IVN,1,0,10,10,1.88,2.0,25.0,2.0
1028,1,1,50,1,50,IVN,1,0,10,10,1.88,2.0,26.0,3.0
1029,1,1,50,1,50,IVN,1,0,10,10,1.88,2.0,27.0,1.0
1030,1,1,50,1,50,IVN,1,0,10,10,1.88,2.0,28.0,2.0
1031,1,1,50,1,50,IVN,1,0,10,10,1.88,2.0,29.0,2.0
1032,1,1,50,1,50,IVN,1,0,10,10,1.88,2.0,30.0,2.0
1033,1,1,50,1,50,IVN,1,0,10,10,1.88,2.0,31.0,3.0
1034,1,1,50,1,50,IVN,1,0,10,10,1.88,2.0,32.0,2.0
1035,1,1,50,1,50,IVN,1,0,10,10,1.88,2.0,33.0,2.0
1036,1,1,50,1,50,IVN,1,0,10,10,1.88,2.0,34.0,3.0
1037,1,1,50,1,50,IVN,1,0,10,10,1.88,2.0,35.0,2.0
1038,1,1,50,1,50,IVN,1,0,10,10,1.88,2.0,36.0,1.0
1039,1,1,50,1,50,IVN,1,0,10,10,1.88,2.0,37.0,3.0
1040,1,1,50,1,50,IVN,1,0,10,10,1.88,2.0,38.0,1.0
1041,1,1,50,1,50,IVN,1,0,10,10,1.88,2.0,39.0,1.0
1042,1,1,50,1,50,IVN,1,0,10,10,1.88,2.0,40.0,2.0
1043,1,1,50,1,50,IVN,1,0,10,10,1.88,2.0,41.0,1.0
1044,1,1,50,1,50,IVN,1,0,10,10,1.88,2.0,42.0,1.0
1045,1,1,50,1,50,IVN,1,0,10,10,1.88,2.0,43.0,3.0
1046,1,1,50,1,50,IVN,1,0,10,10,1.88,2.0,44.0,1.0
1047,1,1,50,1,50,IVN,1,0,10,10,1.88,2.0,45.0,1.0
1048,1,1,50,1,50,IVN,1,0,10,10,1.88,2.0,46.0,2.0
1049,1,1,50,1,50,IVN,1,0,10,10,1.88,2.0,47.0,1.0
1050,1,1,50,1,50,IVN,1,0,10,10,1.88,2.0,48.0,2.0
1051,1,1,50,1,50,IVN,1,0,10,10,1.88,2.0,49.0,3.0
1052,1,1,100,1,50,IVN,1,0,10,10,1.96,2.0,0.0,2.0
1053,1,1,100,1,50,IVN,1,0,10,10,1.96,2.0,1.0,2.0
1054,1,1,100,1,50,IVN,1,0,10,10,1.96,2.0,2.0,3.0
1055,1,1,100,1,50,IVN,1,0,10,10,1.96,2.0,3.0,2.0
1056,1,1,100,1,50,IVN,1,0,10,10,1.96,2.0,4.0,1.0
1057,1,1,100,1,50,IVN,1,0,10,10,1.96,2.0,5.0,1.0
1058,1,1,100,1,50,IVN,1,0,10,10,1.96,2.0,6.0,2.0
1059,1,1,100,1,50,IVN,1,0,10,10,1.96,2.0,7.0,1.0
1060,1,1,100,1,50,IVN,1,0,10,10,1.96,2.0,8.0,1.0
1061,1,1,100,1,50,IVN,1,0,10,10,1.96,2.0,9.0,1.0
1062,1,1,100,1,50,IVN,1,0,10,10,1.96,2.0,10.0,1.0
1063,1,1,100,1,50,IVN,1,0,10,10,1.96,2.0,11.0,3.0
1064,1,1,100,1,50,IVN,1,0,10,10,1.96,2.0,12.0,1.0
1065,1,1,100,1,50,IVN,1,0,10,10,1.96,2.0,13.0,3.0
1066,1,1,100,1,50,IVN,1,0,10,10,1.96,2.0,14.0,3.0
1067,1,1,100,1,50,IVN,1,0,10,10,1.96,2.0,15.0,3.0
1068,1,1,100,1,50,IVN,1,0,10,10,1.96,2.0,16.0,2.0
1069,1,1,100,1,50,IVN,1,0,10,10,1.96,2.0,17.0,2.0
1070,1,1,100,1,50,IVN,1,0,10,10,1.96,2.0,18.0,2.0
1071,1,1,100,1,50,IVN,1,0,10,10,1.96,2.0,19.0,1.0
1072,1,1,100,1,50,IVN,1,0,10,10,1.96,2.0,20.0,3.0
1073,1,1,100,1,50,IVN,1,0,10,10,1.96,2.0,21.0,2.0
1074,1,1,100,1,50,IVN,1,0,10,10,1.96,2.0,22.0,1.0
1075,1,1,100,1,50,IVN,1,0,10,10,1.96,2.0,23.0,2.0
1076,1,1,100,1,50,IVN,1,0,10,10,1.96,2.0,24.0,2.0
1077,1,1,100,1,50,IVN,1,0,10,10,1.96,2.0,25.0,2.0
1078,1,1,100,1,50,IVN,1,0,10,10,1.96,2.0,26.0,3.0
1079,1,1,100,1,50,IVN,1,0,10,10,1.96,2.0,27.0,2.0
1080,1,1,100,1,50,IVN,1,0,10,10,1.96,2.0,28.0,2.0
1081,1,1,100,1,50,IVN,1,0,10,10,1.96,2.0,29.0,2.0
1082,1,1,100,1,50,IVN,1,0,10,10,1.96,2.0,30.0,2.0
1083,1,1,100,1,50,IVN,1,0,10,10,1.96,2.0,31.0,3.0
1084,1,1,100,1,50,IVN,1,0,10,10,1.96,2.0,32.0,2.0
1085,1,1,100,1,50,IVN,1,0,10,10,1.96,2.0,33.0,2.0
1086,1,1,100,1,50,IVN,1,0,10,10,1.96,2.0,34.0,3.0
1087,1,1,100,1,50,IVN,1,0,10,10,1.96,2.0,35.0,2.0
1088,1,1,100,1,50,IVN,1,0,10,10,1.96,2.0,36.0,1.0
1089,1,1,100,1,50,IVN,1,0,10,10,1.96,2.0,37.0,3.0
1090,1,1,100,1,50,IVN,1,0,10,10,1.96,2.0,38.0,2.0
1091,1,1,100,1,50,IVN,1,0,10,10,1.96,2.0,39.0,2.0
1092,1,1,100,1,50,IVN,1,0,10,10,1.96,2.0,40.0,2.0
1093,1,1,100,1,50,IVN,1,0,10,10,1.96,2.0,41.0,1.0
1094,1,1,100,1,50,IVN,1,0,10,10,1.96,2.0,42.0,1.0
1095,1,1,100,1,50,IVN,1,0,10,10,1.96,2.0,43.0,3.0
1096,1,1,100,1,50,IVN,1,0,10,10,1.96,2.0,44.0,1.0
1097,1,1,100,1,50,IVN,1,0,10,10,1.96,2.0,45.0,2.0
1098,1,1,100,1,50,IVN,1,0,10,10,1.96,2.0,46.0,2.0
1099,1,1,100,1,50,IVN,1,0,10,10,1.96,2.0,47.0,1.0
1100,1,1,100,1,50,IVN,1,0,10,10,1.96,2.0,48.0,2.0
1101,1,1,100,1,50,IVN,1,0,10,10,1.96,2.0,49.0,3.0
1102,1,1,150,1,50,IVN,1,0,10,10,1.96,2.0,0.0,2.0
1103,1,1,150,1,50,IVN,1,0,10,10,1.96,2.0,1.0,2.0
1104,1,1,150,1,50,IVN,1,0,10,10,1.96,2.0,2.0,3.0
1105,1,1,150,1,50,IVN,1,0,10,10,1.96,2.0,3.0,2.0
1106,1,1,150,1,50,IVN,1,0,10,10,1.96,2.0,4.0,1.0
1107,1,1,150,1,50,IVN,1,0,10,10,1.96,2.0,5.0,1.0
1108,1,1,150,1,50,IVN,1,0,10,10,1.96,2.0,6.0,2.0
1109,1,1,150,1,50,IVN,1,0,10,10,1.96,2.0,7.0,1.0
1110,1,1,150,1,50,IVN,1,0,10,10,1.96,2.0,8.0,1.0
1111,1,1,150,1,50,IVN,1,0,10,10,1.96,2.0,9.0,1.0
1112,1,1,150,1,50,IVN,1,0,10,10,1.96,2.0,10.0,1.0
1113,1,1,150,1,50,IVN,1,0,10,10,1.96,2.0,11.0,3.0
1114,1,1,150,1,50,IVN,1,0,10,10,1.96,2.0,12.0,1.0
1115,1,1,150,1,50,IVN,1,0,10,10,1.96,2.0,13.0,3.0
1116,1,1,150,1,50,IVN,1,0,10,10,1.96,2.0,14.0,3.0
1117,1,1,150,1,50,IVN,1,0,10,10,1.96,2.0,15.0,3.0
1118,1,1,150,1,50,IVN,1,0,10,10,1.96,2.0,16.0,2.0
1119,1,1,150,1,50,IVN,1,0,10,10,1.96,2.0,17.0,2.0
1120,1,1,150,1,50,IVN,1,0,10,10,1.96,2.0,18.0,2.0
1121,1,1,150,1,50,IVN,1,0,10,10,1.96,2.0,19.0,1.0
1122,1,1,150,1,50,IVN,1,0,10,10,1.96,2.0,20.0,3.0
1123,1,1,150,1,50,IVN,1,0,10,10,1.96,2.0,21.0,2.0
1124,1,1,150,1,50,IVN,1,0,10,10,1.96,2.0,22.0,1.0
1125,1,1,150,1,50,IVN,1,0,10,10,1.96,2.0,23.0,2.0
1126,1,1,150,1,50,IVN,1,0,10,10,1.96,2.0,24.0,2.0
1127,1,1,150,1,50,IVN,1,0,10,10,1.96,2.0,25.0,2.0
1128,1,1,150,1,50,IVN,1,0,10,10,1.96,2.0,26.0,3.0
1129,1,1,150,1,50,IVN,1,0,10,10,1.96,2.0,27.0,2.0
1130,1,1,150,1,50,IVN,1,0,10,10,1.96,2.0,28.0,2.0
1131,1,1,150,1,50,IVN,1,0,10,10,1.96,2.0,29.0,2.0
1132,1,1,150,1,50,IVN,1,0,10,10,1.96,2.0,30.0,2.0
1133,1,1,150,1,50,IVN,1,0,10,10,1.96,2.0,31.0,3.0
1134,1,1,150,1,50,IVN,1,0,10,10,1.96,2.0,32.0,2.0
1135,1,1,150,1,50,IVN,1,0,10,10,1.96,2.0,33.0,2.0
1136,1,1,150,1,50,IVN,1,0,10,10,1.96,2.0,34.0,3.0
1137,1,1,150,1,50,IVN,1,0,10,10,1.96,2.0,35.0,2.0
1138,1,1,150,1,50,IVN,1,0,10,10,1.96,2.0,36.0,1.0
1139,1,1,150,1,50,IVN,1,0,10,10,1.96,2.0,37.0,3.0
1140,1,1,150,1,50,IVN,1,0,10,10,1.96,2.0,38.0,2.0
1141,1,1,150,1,50,IVN,1,0,10,10,1.96,2.0,39.0,2.0
1142,1,1,150,1,50,IVN,1,0,10,10,1.96,2.0,40.0,2.0
1143,1,1,150,1,50,IVN,1,0,10,10,1.96,2.0,41.0,1.0
1144,1,1,150,1,50,IVN,1,0,10,10,1.96,2.0,42.0,1.0
1145,1,1,150,1,50,IVN,1,0,10,10,1.96,2.0,43.0,3.0
1146,1,1,150,1,50,IVN,1,0,10,10,1.96,2.0,44.0,1.0
1147,1,1,150,1,50,IVN,1,0,10,10,1.96,2.0,45.0,2.0
1148,1,1,150,1,50,IVN,1,0,10,10,1.96,2.0,46.0,2.0
1149,1,1,150,1,50,IVN,1,0,10,10,1.96,2.0,47.0,1.0
1150,1,1,150,1,50,IVN,1,0,10,10,1.96,2.0,48.0,2.0
1151,1,1,150,1,50,IVN,1,0,10,10,1.96,2.0,49.0,3.0
1152,1,1,200,1,50,IVN,1,0,10,10,2.12,2.0,0.0,2.0
1153,1,1,200,1,50,IVN,1,0,10,10,2.12,2.0,1.0,2.0
1154,1,1,200,1,50,IVN,1,0,10,10,2.12,2.0,2.0,3.0
1155,1,1,200,1,50,IVN,1,0,10,10,2.12,2.0,3.0,2.0
1156,1,1,200,1,50,IVN,1,0,10,10,2.12,2.0,4.0,1.0
1157,1,1,200,1,50,IVN,1,0,10,10,2.12,2.0,5.0,1.0
1158,1,1,200,1,50,IVN,1,0,10,10,2.12,2.0,6.0,2.0
1159,1,1,200,1,50,IVN,1,0,10,10,2.12,2.0,7.0,1.0
1160,1,1,200,1,50,IVN,1,0,10,10,2.12,2.0,8.0,1.0
1161,1,1,200,1,50,IVN,1,0,10,10,2.12,2.0,9.0,1.0
1162,1,1,200,1,50,IVN,1,0,10,10,2.12,2.0,10.0,1.0
1163,1,1,200,1,50,IVN,1,0,10,10,2.12,2.0,11.0,3.0
1164,1,1,200,1,50,IVN,1,0,10,10,2.12,2.0,12.0,3.0
1165,1,1,200,1,50,IVN,1,0,10,10,2.12,2.0,13.0,3.0
1166,1,1,200,1,50,IVN,1,0,10,10,2.12,2.0,14.0,3.0
1167,1,1,200,1,50,IVN,1,0,10,10,2.12,2.0,15.0,3.0
1168,1,1,200,1,50,IVN,1,0,10,10,2.12,2.0,16.0,2.0
1169,1,1,200,1,50,IVN,1,0,10,10,2.12,2.0,17.0,2.0
1170,1,1,200,1,50,IVN,1,0,10,10,2.12,2.0,18.0,2.0
1171,1,1,200,1,50,IVN,1,0,10,10,2.12,2.0,19.0,1.0
1172,1,1,200,1,50,IVN,1,0,10,10,2.12,2.0,20.0,3.0
1173,1,1,200,1,50,IVN,1,0,10,10,2.12,2.0,21.0,2.0
1174,1,1,200,1,50,IVN,1,0,10,10,2.12,2.0,22.0,1.0
1175,1,1,200,1,50,IVN,1,0,10,10,2.12,2.0,23.0,2.0
1176,1,1,200,1,50,IVN,1,0,10,10,2.12,2.0,24.0,2.0
1177,1,1,200,1,50,IVN,1,0,10,10,2.12,2.0,25.0,2.0
1178,1,1,200,1,50,IVN,1,0,10,10,2.12,2.0,26.0,3.0
1179,1,1,200,1,50,IVN,1,0,10,10,2.12,2.0,27.0,2.0
1180,1,1,200,1,50,IVN,1,0,10,10,2.12,2.0,28.0,2.0
1181,1,1,200,1,50,IVN,1,0,10,10,2.12,2.0,29.0,3.0
1182,1,1,200,1,50,IVN,1,0,10,10,2.12,2.0,30.0,3.0
1183,1,1,200,1,50,IVN,1,0,10,10,2.12,2.0,31.0,3.0
1184,1,1,200,1,50,IVN,1,0,10,10,2.12,2.0,32.0,3.0
1185,1,1,200,1,50,IVN,1,0,10,10,2.12,2.0,33.0,2.0
1186,1,1,200,1,50,IVN,1,0,10,10,2.12,2.0,34.0,3.0
1187,1,1,200,1,50,IVN,1,0,10,10,2.12,2.0,35.0,2.0
1188,1,1,200,1,50,IVN,1,0,10,10,2.12,2.0,36.0,1.0
1189,1,1,200,1,50,IVN,1,0,10,10,2.12,2.0,37.0,3.0
1190,1,1,200,1,50,IVN,1,0,10,10,2.12,2.0,38.0,2.0
1191,1,1,200,1,50,IVN,1,0,10,10,2.12,2.0,39.0,2.0
1192,1,1,200,1,50,IVN,1,0,10,10,2.12,2.0,40.0,3.0
1193,1,1,200,1,50,IVN,1,0,10,10,2.12,2.0,41.0,3.0
1194,1,1,200,1,50,IVN,1,0,10,10,2.12,2.0,42.0,1.0
1195,1,1,200,1,50,IVN,1,0,10,10,2.12,2.0,43.0,3.0
1196,1,1,200,1,50,IVN,1,0,10,10,2.12,2.0,44.0,1.0
1197,1,1,200,1,50,IVN,1,0,10,10,2.12,2.0,45.0,2.0
1198,1,1,200,1,50,IVN,1,0,10,10,2.12,2.0,46.0,2.0
1199,1,1,200,1,50,IVN,1,0,10,10,2.12,2.0,47.0,1.0
1200,1,1,200,1,50,IVN,1,0,10,10,2.12,2.0,48.0,2.0
1201,1,1,200,1,50,IVN,1,0,10,10,2.12,2.0,49.0,3.0
1202,1,1,250,1,50,IVN,1,0,10,10,2.12,2.0,0.0,2.0
1203,1,1,250,1,50,IVN,1,0,10,10,2.12,2.0,1.0,2.0
1204,1,1,250,1,50,IVN,1,0,10,10,2.12,2.0,2.0,3.0
1205,1,1,250,1,50,IVN,1,0,10,10,2.12,2.0,3.0,2.0
1206,1,1,250,1,50,IVN,1,0,10,10,2.12,2.0,4.0,1.0
1207,1,1,250,1,50,IVN,1,0,10,10,2.12,2.0,5.0,1.0
1208,1,1,250,1,50,IVN,1,0,10,10,2.12,2.0,6.0,2.0
1209,1,1,250,1,50,IVN,1,0,10,10,2.12,2.0,7.0,1.0
1210,1,1,250,1,50,IVN,1,0,10,10,2.12,2.0,8.0,1.0
1211,1,1,250,1,50,IVN,1,0,10,10,2.12,2.0,9.0,1.0
1212,1,1,250,1,50,IVN,1,0,10,10,2.12,2.0,10.0,1.0
1213,1,1,250,1,50,IVN,1,0,10,10,2.12,2.0,11.0,3.0
1214,1,1,250,1,50,IVN,1,0,10,10,2.12,2.0,12.0,3.0
1215,1,1,250,1,50,IVN,1,0,10,10,2.12,2.0,13.0,3.0
1216,1,1,250,1,50,IVN,1,0,10,10,2.12,2.0,14.0,3.0
1217,1,1,250,1,50,IVN,1,0,10,10,2.12,2.0,15.0,3.0
1218,1,1,250,1,50,IVN,1,0,10,10,2.12,2.0,16.0,2.0
1219,1,1,250,1,50,IVN,1,0,10,10,2.12,2.0,17.0,2.0
1220,1,1,250,1,50,IVN,1,0,10,10,2.12,2.0,18.0,2.0
1221,1,1,250,1,50,IVN,1,0,10,10,2.12,2.0,19.0,1.0
1222,1,1,250,1,50,IVN,1,0,10,10,2.12,2.0,20.0,3.0
1223,1,1,250,1,50,IVN,1,0,10,10,2.12,2.0,21.0,2.0
1224,1,1,250,1,50,IVN,1,0,10,10,2.12,2.0,22.0,1.0
1225,1,1,250,1,50,IVN,1,0,10,10,2.12,2.0,23.0,2.0
1226,1,1,250,1,50,IVN,1,0,10,10,2.12,2.0,24.0,2.0
1227,1,1,250,1,50,IVN,1,0,10,10,2.12,2.0,25.0,2.0
1228,1,1,250,1,50,IVN,1,0,10,10,2.12,2.0,26.0,3.0
1229,1,1,250,1,50,IVN,1,0,10,10,2.12,2.0,27.0,2.0
1230,1,1,250,1,50,IVN,1,0,10,10,2.12,2.0,28.0,2.0
1231,1,1,250,1,50,IVN,1,0,10,10,2.12,2.0,29.0,3.0
1232,1,1,250,1,50,IVN,1,0,10,10,2.12,2.0,30.0,3.0
1233,1,1,250,1,50,IVN,1,0,10,10,2.12,2.0,31.0,3.0
1234,1,1,250,1,50,IVN,1,0,10,10,2.12,2.0,32.0,3.0
1235,1,1,250,1,50,IVN,1,0,10,10,2.12,2.0,33.0,2.0
1236,1,1,250,1,50,IVN,1,0,10,10,2.12,2.0,34.0,3.0
1237,1,1,250,1,50,IVN,1,0,10,10,2.12,2.0,35.0,2.0
1238,1,1,250,1,50,IVN,1,0,10,10,2.12,2.0,36.0,1.0
1239,1,1,250,1,50,IVN,1,0,10,10,2.12,2.0,37.0,3.0
1240,1,1,250,1,50,IVN,1,0,10,10,2.12,2.0,38.0,2.0
1241,1,1,250,1,50,IVN,1,0,10,10,2.12,2.0,39.0,2.0
1242,1,1,250,1,50,IVN,1,0,10,10,2.12,2.0,40.0,3.0
1243,1,1,250,1,50,IVN,1,0,10,10,2.12,2.0,41.0,3.0
1244,1,1,250,1,50,IVN,1,0,10,10,2.12,2.0,42.0,1.0
1245,1,1,250,1,50,IVN,1,0,10,10,2.12,2.0,43.0,3.0
1246,1,1,250,1,50,IVN,1,0,10,10,2.12,2.0,44.0,1.0
1247,1,1,250,1,50,IVN,1,0,10,10,2.12,2.0,45.0,2.0
1248,1,1,250,1,50,IVN,1,0,10,10,2.12,2.0,46.0,2.0
1249,1,1,250,1,50,IVN,1,0,10,10,2.12,2.0,47.0,1.0
1250,1,1,250,1,50,IVN,1,0,10,10,2.12,2.0,48.0,2.0
1251,1,1,250,1,50,IVN,1,0,10,10,2.12,2.0,49.0,3.0
1252,1,1,300,1,50,IVN,1,0,10,10,2.12,2.0,0.0,2.0
1253,1,1,300,1,50,IVN,1,0,10,10,2.12,2.0,1.0,2.0
1254,1,1,300,1,50,IVN,1,0,10,10,2.12,2.0,2.0,3.0
1255,1,1,300,1,50,IVN,1,0,10,10,2.12,2.0,3.0,2.0
1256,1,1,300,1,50,IVN,1,0,10,10,2.12,2.0,4.0,1.0
1257,1,1,300,1,50,IVN,1,0,10,10,2.12,2.0,5.0,1.0
1258,1,1,300,1,50,IVN,1,0,10,10,2.12,2.0,6.0,2.0
1259,1,1,300,1,50,IVN,1,0,10,10,2.12,2.0,7.0,1.0
1260,1,1,300,1,50,IVN,1,0,10,10,2.12,2.0,8.0,1.0
1261,1,1,300,1,50,IVN,1,0,10,10,2.12,2.0,9.0,1.0
1262,1,1,300,1,50,IVN,1,0,10,10,2.12,2.0,10.0,1.0
1263,1,1,300,1,50,IVN,1,0,10,10,2.12,2.0,11.0,3.0
1264,1,1,300,1,50,IVN,1,0,10,10,2.12,2.0,12.0,3.0
1265,1,1,300,1,50,IVN,1,0,10,10,2.12,2.0,13.0,3.0
1266,1,1,300,1,50,IVN,1,0,10,10,2.12,2.0,14.0,3.0
1267,1,1,300,1,50,IVN,1,0,10,10,2.12,2.0,15.0,3.0
1268,1,1,300,1,50,IVN,1,0,10,10,2.12,2.0,16.0,2.0
1269,1,1,300,1,50,IVN,1,0,10,10,2.12,2.0,17.0,2.0
1270,1,1,300,1,50,IVN,1,0,10,10,2.12,2.0,18.0,2.0
1271,1,1,300,1,50,IVN,1,0,10,10,2.12,2.0,19.0,1.0
1272,1,1,300,1,50,IVN,1,0,10,10,2.12,2.0,20.0,3.0
1273,1,1,300,1,50,IVN,1,0,10,10,2.12,2.0,21.0,2.0
1274,1,1,300,1,50,IVN,1,0,10,10,2.12,2.0,22.0,1.0
1275,1,1,300,1,50,IVN,1,0,10,10,2.12,2.0,23.0,2.0
1276,1,1,300,1,50,IVN,1,0,10,10,2.12,2.0,24.0,2.0
1277,1,1,300,1,50,IVN,1,0,10,10,2.12,2.0,25.0,2.0
1278,1,1,300,1,50,IVN,1,0,10,10,2.12,2.0,26.0,3.0
1279,1,1,300,1,50,IVN,1,0,10,10,2.12,2.0,27.0,2.0
1280,1,1,300,1,50,IVN,1,0,10,10,2.12,2.0,28.0,2.0
1281,1,1,300,1,50,IVN,1,0,10,10,2.12,2.0,29.0,3.0
1282,1,1,300,1,50,IVN,1,0,10,10,2.12,2.0,30.0,3.0
1283,1,1,300,1,50,IVN,1,0,10,10,2.12,2.0,31.0,3.0
1284,1,1,300,1,50,IVN,1,0,10,10,2.12,2.0,32.0,3.0
1285,1,1,300,1,50,IVN,1,0,10,10,2.12,2.0,33.0,2.0
1286,1,1,300,1,50,IVN,1,0,10,10,2.12,2.0,34.0,3.0
1287,1,1,300,1,50,IVN,1,0,10,10,2.12,2.0,35.0,2.0
1288,1,1,300,1,50,IVN,1,0,10,10,2.12,2.0,36.0,1.0
1289,1,1,300,1,50,IVN,1,0,10,10,2.12,2.0,37.0,3.0
1290,1,1,300,1,50,IVN,1,0,10,10,2.12,2.0,38.0,2.0
1291,1,1,300,1,50,IVN,1,0,10,10,2.12,2.0,39.0,2.0
1292,1,1,300,1,50,IVN,1,0,10,10,2.12,2.0,40.0,3.0
1293,1,1,300,1,50,IVN,1,0,10,10,2.12,2.0,41.0,3.0
1294,1,1,300,1,50,IVN,1,0,10,10,2.12,2.0,42.0,1.0
1295,1,1,300,1,50,IVN,1,0,10,10,2.12,2.0,43.0,3.0
1296,1,1,300,1,50,IVN,1,0,10,10,2.12,2.0,44.0,1.0
1297,1,1,300,1,50,IVN,1,0,10,10,2.12,2.0,45.0,2.0
1298,1,1,300,1,50,IVN,1,0,10,10,2.12,2.0,46.0,2.0
1299,1,1,300,1,50,IVN,1,0,10,10,2.12,2.0,47.0,1.0
1300,1,1,300,1,50,IVN,1,0,10,10,2.12,2.0,48.0,2.0
1301,1,1,300,1,50,IVN,1,0,10,10,2.12,2.0,49.0,3.0
1302,1,1,350,1,50,IVN,1,0,10,10,2.12,2.0,0.0,2.0
1303,1,1,350,1,50,IVN,1,0,10,10,2.12,2.0,1.0,2.0
1304,1,1,350,1,50,IVN,1,0,10,10,2.12,2.0,2.0,3.0
1305,1,1,350,1,50,IVN,1,0,10,10,2.12,2.0,3.0,2.0
1306,1,1,350,1,50,IVN,1,0,10,10,2.12,2.0,4.0,1.0
1307,1,1,350,1,50,IVN,1,0,10,10,2.12,2.0,5.0,1.0
1308,1,1,350,1,50,IVN,1,0,10,10,2.12,2.0,6.0,2.0
1309,1,1,350,1,50,IVN,1,0,10,10,2.12,2.0,7.0,1.0
1310,1,1,350,1,50,IVN,1,0,10,10,2.12,2.0,8.0,1.0
1311,1,1,350,1,50,IVN,1,0,10,10,2.12,2.0,9.0,1.0
1312,1,1,350,1,50,IVN,1,0,10,10,2.12,2.0,10.0,1.0
1313,1,1,350,1,50,IVN,1,0,10,10,2.12,2.0,11.0,3.0
1314,1,1,350,1,50,IVN,1,0,10,10,2.12,2.0,12.0,3.0
1315,1,1,350,1,50,IVN,1,0,10,10,2.12,2.0,13.0,3.0
1316,1,1,350,1,50,IVN,1,0,10,10,2.12,2.0,14.0,3.0
1317,1,1,350,1,50,IVN,1,0,10,10,2.12,2.0,15.0,3.0
1318,1,1,350,1,50,IVN,1,0,10,10,2.12,2.0,16.0,2.0
1319,1,1,350,1,50,IVN,1,0,10,10,2.12,2.0,17.0,2.0
1320,1,1,350,1,50,IVN,1,0,10,10,2.12,2.0,18.0,2.0
1321,1,1,350,1,50,IVN,1,0,10,10,2.12,2.0,19.0,1.0
1322,1,1,350,1,50,IVN,1,0,10,10,2.12,2.0,20.0,3.0
1323,1,1,350,1,50,IVN,1,0,10,10,2.12,2.0,21.0,2.0
1324,1,1,350,1,50,IVN,1,0,10,10,2.12,2.0,22.0,1.0
1325,1,1,350,1,50,IVN,1,0,10,10,2.12,2.0,23.0,2.0
1326,1,1,350,1,50,IVN,1,0,10,10,2.12,2.0,24.0,2.0
1327,1,1,350,1,50,IVN,1,0,10,10,2.12,2.0,25.0,2.0
1328,1,1,350,1,50,IVN,1,0,10,10,2.12,2.0,26.0,3.0
1329,1,1,350,1,50,IVN,1,0,10,10,2.12,2.0,27.0,2.0
1330,1,1,350,1,50,IVN,1,0,10,10,2.12,2.0,28.0,2.0
1331,1,1,350,1,50,IVN,1,0,10,10,2.12,2.0,29.0,3.0
1332,1,1,350,1,50,IVN,1,0,10,10,2.12,2.0,30.0,3.0
1333,1,1,350,1,50,IVN,1,0,10,10,2.12,2.0,31.0,3.0
1334,1,1,350,1,50,IVN,1,0,10,10,2.12,2.0,32.0,3.0
1335,1,1,350,1,50,IVN,1,0,10,10,2.12,2.0,33.0,2.0
1336,1,1,350,1,50,IVN,1,0,10,10,2.12,2.0,34.0,3.0
1337,1,1,350,1,50,IVN,1,0,10,10,2.12,2.0,35.0,2.0
1338,1,1,350,1,50,IVN,1,0,10,10,2.12,2.0,36.0,1.0
1339,1,1,350,1,50,IVN,1,0,10,10,2.12,2.0,37.0,3.0
1340,1,1,350,1,50,IVN,1,0,10,10,2.12,2.0,38.0,2.0
1341,1,1,350,1,50,IVN,1,0,10,10,2.12,2.0,39.0,2.0
1342,1,1,350,1,50,IVN,1,0,10,10,2.12,2.0,40.0,3.0
1343,1,1,350,1,50,IVN,1,0,10,10,2.12,2.0,41.0,3.0
1344,1,1,350,1,50,IVN,1,0,10,10,2.12,2.0,42.0,1.0
1345,1,1,350,1,50,IVN,1,0,10,10,2.12,2.0,43.0,3.0
1346,1,1,350,1,50,IVN,1,0,10,10,2.12,2.0,44.0,1.0
1347,1,1,350,1,50,IVN,1,0,10,10,2.12,2.0,45.0,2.0
1348,1,1,350,1,50,IVN,1,0,10,10,2.12,2.0,46.0,2.0
1349,1,1,350,1,50,IVN,1,0,10,10,2.12,2.0,47.0,1.0
1350,1,1,350,1,50,IVN,1,0,10,10,2.12,2.0,48.0,2.0
1351,1,1,350,1,50,IVN,1,0,10,10,2.12,2.0,49.0,3.0
1352,1,1,400,1,50,IVN,1,0,10,10,2.12,2.0,0.0,2.0
1353,1,1,400,1,50,IVN,1,0,10,10,2.12,2.0,1.0,2.0
1354,1,1,400,1,50,IVN,1,0,10,10,2.12,2.0,2.0,3.0
1355,1,1,400,1,50,IVN,1,0,10,10,2.12,2.0,3.0,2.0
1356,1,1,400,1,50,IVN,1,0,10,10,2.12,2.0,4.0,1.0
1357,1,1,400,1,50,IVN,1,0,10,10,2.12,2.0,5.0,1.0
1358,1,1,400,1,50,IVN,1,0,10,10,2.12,2.0,6.0,2.0
1359,1,1,400,1,50,IVN,1,0,10,10,2.12,2.0,7.0,1.0
1360,1,1,400,1,50,IVN,1,0,10,10,2.12,2.0,8.0,1.0
1361,1,1,400,1,50,IVN,1,0,10,10,2.12,2.0,9.0,1.0
1362,1,1,400,1,50,IVN,1,0,10,10,2.12,2.0,10.0,1.0
1363,1,1,400,1,50,IVN,1,0,10,10,2.12,2.0,11.0,3.0
1364,1,1,400,1,50,IVN,1,0,10,10,2.12,2.0,12.0,3.0
1365,1,1,400,1,50,IVN,1,0,10,10,2.12,2.0,13.0,3.0
1366,1,1,400,1,50,IVN,1,0,10,10,2.12,2.0,14.0,3.0
1367,1,1,400,1,50,IVN,1,0,10,10,2.12,2.0,15.0,3.0
1368,1,1,400,1,50,IVN,1,0,10,10,2.12,2.0,16.0,2.0
1369,1,1,400,1,50,IVN,1,0,10,10,2.12,2.0,17.0,2.0
1370,1,1,400,1,50,IVN,1,0,10,10,2.12,2.0,18.0,2.0
1371,1,1,400,1,50,IVN,1,0,10,10,2.12,2.0,19.0,1.0
1372,1,1,400,1,50,IVN,1,0,10,10,2.12,2.0,20.0,3.0
1373,1,1,400,1,50,IVN,1,0,10,10,2.12,2.0,21.0,2.0
1374,1,1,400,1,50,IVN,1,0,10,10,2.12,2.0,22.0,1.0
1375,1,1,400,1,50,IVN,1,0,10,10,2.12,2.0,23.0,2.0
1376,1,1,400,1,50,IVN,1,0,10,10,2.12,2.0,24.0,2.0
1377,1,1,400,1,50,IVN,1,0,10,10,2.12,2.0,25.0,2.0
1378,1,1,400,1,50,IVN,1,0,10,10,2.12,2.0,26.0,3.0
1379,1,1,400,1,50,IVN,1,0,10,10,2.12,2.0,27.0,2.0
1380,1,1,400,1,50,IVN,1,0,10,10,2.12,2.0,28.0,2.0
1381,1,1,400,1,50,IVN,1,0,10,10,2.12,2.0,29.0,3.0
1382,1,1,400,1,50,IVN,1,0,10,10,2.12,2.0,30.0,3.0
1383,1,1,400,1,50,IVN,1,0,10,10,2.12,2.0,31.0,3.0
1384,1,1,400,1,50,IVN,1,0,10,10,2.12,2.0,32.0,3.0
1385,1,1,400,1,50,IVN,1,0,10,10,2.12,2.0,33.0,2.0
1386,1,1,400,1,50,IVN,1,0,10,10,2.12,2.0,34.0,3.0
1387,1,1,400,1,50,IVN,1,0,10,10,2.12,2.0,35.0,2.0
1388,1,1,400,1,50,IVN,1,0,10,10,2.12,2.0,36.0,1.0
1389,1,1,400,1,50,IVN,1,0,10,10,2.12,2.0,37.0,3.0
1390,1,1,400,1,50,IVN,1,0,10,10,2.12,2.0,38.0,2.0
1391,1,1,400,1,50,IVN,1,0,10,10,2.12,2.0,39.0,2.0
1392,1,1,400,1,50,IVN,1,0,10,10,2.12,2.0,40.0,3.0
1393,1,1,400,1,50,IVN,1,0,10,10,2.12,2.0,41.0,3.0
1394,1,1,400,1,50,IVN,1,0,10,10,2.12,2.0,42.0,1.0
1395,1,1,400,1,50,IVN,1,0,10,10,2.12,2.0,43.0,3.0
1396,1,1,400,1,50,IVN,1,0,10,10,2.12,2.0,44.0,1.0
1397,1,1,400,1,50,IVN,1,0,10,10,2.12,2.0,45.0,2.0
1398,1,1,400,1,50,IVN,1,0,10,10,2.12,2.0,46.0,2.0
1399,1,1,400,1,50,IVN,1,0,10,10,2.12,2.0,47.0,1.0
1400,1,1,400,1,50,IVN,1,0,10,10,2.12,2.0,48.0,2.0
1401,1,1,400,1,50,IVN,1,0,10,10,2.12,2.0,49.0,3.0
1402,1,1,450,1,50,IVN,1,0,10,10,2.12,2.0,0.0,2.0
1403,1,1,450,1,50,IVN,1,0,10,10,2.12,2.0,1.0,2.0
1404,1,1,450,1,50,IVN,1,0,10,10,2.12,2.0,2.0,3.0
1405,1,1,450,1,50,IVN,1,0,10,10,2.12,2.0,3.0,2.0
1406,1,1,450,1,50,IVN,1,0,10,10,2.12,2.0,4.0,1.0
1407,1,1,450,1,50,IVN,1,0,10,10,2.12,2.0,5.0,1.0
1408,1,1,450,1,50,IVN,1,0,10,10,2.12,2.0,6.0,2.0
1409,1,1,450,1,50,IVN,1,0,10,10,2.12,2.0,7.0,1.0
1410,1,1,450,1,50,IVN,1,0,10,10,2.12,2.0,8.0,1.0
1411,1,1,450,1,50,IVN,1,0,10,10,2.12,2.0,9.0,1.0
1412,1,1,450,1,50,IVN,1,0,10,10,2.12,2.0,10.0,1.0
1413,1,1,450,1,50,IVN,1,0,10,10,2.12,2.0,11.0,3.0
1414,1,1,450,1,50,IVN,1,0,10,10,2.12,2.0,12.0,3.0
1415,1,1,450,1,50,IVN,1,0,10,10,2.12,2.0,13.0,3.0
1416,1,1,450,1,50,IVN,1,0,10,10,2.12,2.0,14.0,3.0
1417,1,1,450,1,50,IVN,1,0,10,10,2.12,2.0,15.0,3.0
1418,1,1,450,1,50,IVN,1,0,10,10,2.12,2.0,16.0,2.0
1419,1,1,450,1,50,IVN,1,0,10,10,2.12,2.0,17.0,2.0
1420,1,1,450,1,50,IVN,1,0,10,10,2.12,2.0,18.0,2.0
1421,1,1,450,1,50,IVN,1,0,10,10,2.12,2.0,19.0,1.0
1422,1,1,450,1,50,IVN,1,0,10,10,2.12,2.0,20.0,3.0
1423,1,1,450,1,50,IVN,1,0,10,10,2.12,2.0,21.0,2.0
1424,1,1,450,1,50,IVN,1,0,10,10,2.12,2.0,22.0,1.0
1425,1,1,450,1,50,IVN,1,0,10,10,2.12,2.0,23.0,2.0
1426,1,1,450,1,50,IVN,1,0,10,10,2.12,2.0,24.0,2.0
1427,1,1,450,1,50,IVN,1,0,10,10,2.12,2.0,25.0,2.0
1428,1,1,450,1,50,IVN,1,0,10,10,2.12,2.0,26.0,3.0
1429,1,1,450,1,50,IVN,1,0,10,10,2.12,2.0,27.0,2.0
1430,1,1,450,1,50,IVN,1,0,10,10,2.12,2.0,28.0,2.0
1431,1,1,450,1,50,IVN,1,0,10,10,2.12,2.0,29.0,3.0
1432,1,1,450,1,50,IVN,1,0,10,10,2.12,2.0,30.0,3.0
1433,1,1,450,1,50,IVN,1,0,10,10,2.12,2.0,31.0,3.0
1434,1,1,450,1,50,IVN,1,0,10,10,2.12,2.0,32.0,3.0
1435,1,1,450,1,50,IVN,1,0,10,10,2.12,2.0,33.0,2.0
1436,1,1,450,1,50,IVN,1,0,10,10,2.12,2.0,34.0,3.0
1437,1,1,450,1,50,IVN,1,0,10,10,2.12,2.0,35.0,2.0
1438,1,1,450,1,50,IVN,1,0,10,10,2.12,2.0,36.0,1.0
1439,1,1,450,1,50,IVN,1,0,10,10,2.12,2.0,37.0,3.0
1440,1,1,450,1,50,IVN,1,0,10,10,2.12,2.0,38.0,2.0
1441,1,1,450,1,50,IVN,1,0,10,10,2.12,2.0,39.0,2.0
1442,1,1,450,1,50,IVN,1,0,10,10,2.12,2.0,40.0,3.0
1443,1,1,450,1,50,IVN,1,0,10,10,2.12,2.0,41.0,3.0
1444,1,1,450,1,50,IVN,1,0,10,10,2.12,2.0,42.0,1.0
1445,1,1,450,1,50,IVN,1,0,10,10,2.12,2.0,43.0,3.0
1446,1,1,450,1,50,IVN,1,0,10,10,2.12,2.0,44.0,1.0
1447,1,1,450,1,50,IVN,1,0,10,10,2.12,2.0,45.0,2.0
1448,1,1,450,1,50,IVN,1,0,10,10,2.12,2.0,46.0,2.0
1449,1,1,450,1,50,IVN,1,0,10,10,2.12,2.0,47.0,1.0
1450,1,1,450,1,50,IVN,1,0,10,10,2.12,2.0,48.0,2.0
1451,1,1,450,1,50,IVN,1,0,10,10,2.12,2.0,49.0,3.0
1452,1,1,500,1,50,IVN,1,0,10,10,2.12,2.0,0.0,2.0
1453,1,1,500,1,50,IVN,1,0,10,10,2.12,2.0,1.0,2.0
1454,1,1,500,1,50,IVN,1,0,10,10,2.12,2.0,2.0,3.0
1455,1,1,500,1,50,IVN,1,0,10,10,2.12,2.0,3.0,2.0
1456,1,1,500,1,50,IVN,1,0,10,10,2.12,2.0,4.0,1.0
1457,1,1,500,1,50,IVN,1,0,10,10,2.12,2.0,5.0,1.0
1458,1,1,500,1,50,IVN,1,0,10,10,2.12,2.0,6.0,2.0
1459,1,1,500,1,50,IVN,1,0,10,10,2.12,2.0,7.0,1.0
1460,1,1,500,1,50,IVN,1,0,10,10,2.12,2.0,8.0,1.0
1461,1,1,500,1,50,IVN,1,0,10,10,2.12,2.0,9.0,1.0
1462,1,1,500,1,50,IVN,1,0,10,10,2.12,2.0,10.0,1.0
1463,1,1,500,1,50,IVN,1,0,10,10,2.12,2.0,11.0,3.0
1464,1,1,500,1,50,IVN,1,0,10,10,2.12,2.0,12.0,3.0
1465,1,1,500,1,50,IVN,1,0,10,10,2.12,2.0,13.0,3.0
1466,1,1,500,1,50,IVN,1,0,10,10,2.12,2.0,14.0,3.0
1467,1,1,500,1,50,IVN,1,0,10,10,2.12,2.0,15.0,3.0
1468,1,1,500,1,50,IVN,1,0,10,10,2.12,2.0,16.0,2.0
1469,1,1,500,1,50,IVN,1,0,10,10,2.12,2.0,17.0,2.0
1470,1,1,500,1,50,IVN,1,0,10,10,2.12,2.0,18.0,2.0
1471,1,1,500,1,50,IVN,1,0,10,10,2.12,2.0,19.0,1.0
1472,1,1,500,1,50,IVN,1,0,10,10,2.12,2.0,20.0,3.0
1473,1,1,500,1,50,IVN,1,0,10,10,2.12,2.0,21.0,2.0
1474,1,1,500,1,50,IVN,1,0,10,10,2.12,2.0,22.0,1.0
1475,1,1,500,1,50,IVN,1,0,10,10,2.12,2.0,23.0,2.0
1476,1,1,500,1,50,IVN,1,0,10,10,2.12,2.0,24.0,2.0
1477,1,1,500,1,50,IVN,1,0,10,10,2.12,2.0,25.0,2.0
1478,1,1,500,1,50,IVN,1,0,10,10,2.12,2.0,26.0,3.0
1479,1,1,500,1,50,IVN,1,0,10,10,2.12,2.0,27.0,2.0
1480,1,1,500,1,50,IVN,1,0,10,10,2.12,2.0,28.0,2.0
1481,1,1,500,1,50,IVN,1,0,10,10,2.12,2.0,29.0,3.0
1482,1,1,500,1,50,IVN,1,0,10,10,2.12,2.0,30.0,3.0
1483,1,1,500,1,50,IVN,1,0,10,10,2.12,2.0,31.0,3.0
1484,1,1,500,1,50,IVN,1,0,10,10,2.12,2.0,32.0,3.0
1485,1,1,500,1,50,IVN,1,0,10,10,2.12,2.0,33.0,2.0
1486,1,1,500,1,50,IVN,1,0,10,10,2.12,2.0,34.0,3.0
1487,1,1,500,1,50,IVN,1,0,10,10,2.12,2.0,35.0,2.0
1488,1,1,500,1,50,IVN,1,0,10,10,2.12,2.0,36.0,1.0
1489,1,1,500,1,50,IVN,1,0,10,10,2.12,2.0,37.0,3.0
1490,1,1,500,1,50,IVN,1,0,10,10,2.12,2.0,38.0,2.0
1491,1,1,500,1,50,IVN,1,0,10,10,2.12,2.0,39.0,2.0
1492,1,1,500,1,50,IVN,1,0,10,10,2.12,2.0,40.0,3.0
1493,1,1,500,1,50,IVN,1,0,10,10,2.12,2.0,41.0,3.0
1494,1,1,500,1,50,IVN,1,0,10,10,2.12,2.0,42.0,1.0
1495,1,1,500,1,50,IVN,1,0,10,10,2.12,2.0,43.0,3.0
1496,1,1,500,1,50,IVN,1,0,10,10,2.12,2.0,44.0,1.0
1497,1,1,500,1,50,IVN,1,0,10,10,2.12,2.0,45.0,2.0
1498,1,1,500,1,50,IVN,1,0,10,10,2.12,2.0,46.0,2.0
1499,1,1,500,1,50,IVN,1,0,10,10,2.12,2.0,47.0,1.0
1500,1,1,500,1,50,IVN,1,0,10,10,2.12,2.0,48.0,2.0
1501,1,1,500,1,50,IVN,1,0,10,10,2.12,2.0,49.0,3.0
1502,1,1,550,1,50,IVN,1,0,10,10,2.12,2.0,0.0,2.0
1503,1,1,550,1,50,IVN,1,0,10,10,2.12,2.0,1.0,2.0
1504,1,1,550,1,50,IVN,1,0,10,10,2.12,2.0,2.0,3.0
1505,1,1,550,1,50,IVN,1,0,10,10,2.12,2.0,3.0,2.0
1506,1,1,550,1,50,IVN,1,0,10,10,2.12,2.0,4.0,1.0
1507,1,1,550,1,50,IVN,1,0,10,10,2.12,2.0,5.0,1.0
1508,1,1,550,1,50,IVN,1,0,10,10,2.12,2.0,6.0,2.0
1509,1,1,550,1,50,IVN,1,0,10,10,2.12,2.0,7.0,1.0
1510,1,1,550,1,50,IVN,1,0,10,10,2.12,2.0,8.0,1.0
1511,1,1,550,1,50,IVN,1,0,10,10,2.12,2.0,9.0,1.0
1512,1,1,550,1,50,IVN,1,0,10,10,2.12,2.0,10.0,1.0
1513,1,1,550,1,50,IVN,1,0,10,10,2.12,2.0,11.0,3.0
1514,1,1,550,1,50,IVN,1,0,10,10,2.12,2.0,12.0,3.0
1515,1,1,550,1,50,IVN,1,0,10,10,2.12,2.0,13.0,3.0
1516,1,1,550,1,50,IVN,1,0,10,10,2.12,2.0,14.0,3.0
1517,1,1,550,1,50,IVN,1,0,10,10,2.12,2.0,15.0,3.0
1518,1,1,550,1,50,IVN,1,0,10,10,2.12,2.0,16.0,2.0
1519,1,1,550,1,50,IVN,1,0,10,10,2.12,2.0,17.0,2.0
1520,1,1,550,1,50,IVN,1,0,10,10,2.12,2.0,18.0,2.0
1521,1,1,550,1,50,IVN,1,0,10,10,2.12,2.0,19.0,1.0
1522,1,1,550,1,50,IVN,1,0,10,10,2.12,2.0,20.0,3.0
1523,1,1,550,1,50,IVN,1,0,10,10,2.12,2.0,21.0,2.0
1524,1,1,550,1,50,IVN,1,0,10,10,2.12,2.0,22.0,1.0
1525,1,1,550,1,50,IVN,1,0,10,10,2.12,2.0,23.0,2.0
1526,1,1,550,1,50,IVN,1,0,10,10,2.12,2.0,24.0,2.0
1527,1,1,550,1,50,IVN,1,0,10,10,2.12,2.0,25.0,2.0
1528,1,1,550,1,50,IVN,1,0,10,10,2.12,2.0,26.0,3.0
1529,1,1,550,1,50,IVN,1,0,10,10,2.12,2.0,27.0,2.0
1530,1,1,550,1,50,IVN,1,0,10,10,2.12,2.0,28.0,2.0
1531,1,1,550,1,50,IVN,1,0,10,10,2.12,2.0,29.0,3.0
1532,1,1,550,1,50,IVN,1,0,10,10,2.12,2.0,30.0,3.0
1533,1,1,550,1,50,IVN,1,0,10,10,2.12,2.0,31.0,3.0
1534,1,1,550,1,50,IVN,1,0,10,10,2.12,2.0,32.0,3.0
1535,1,1,550,1,50,IVN,1,0,10,10,2.12,2.0,33.0,2.0
1536,1,1,550,1,50,IVN,1,0,10,10,2.12,2.0,34.0,3.0
1537,1,1,550,1,50,IVN,1,0,10,10,2.12,2.0,35.0,2.0
1538,1,1,550,1,50,IVN,1,0,10,10,2.12,2.0,36.0,1.0
1539,1,1,550,1,50,IVN,1,0,10,10,2.12,2.0,37.0,3.0
1540,1,1,550,1,50,IVN,1,0,10,10,2.12,2.0,38.0,2.0
1541,1,1,550,1,50,IVN,1,0,10,10,2.12,2.0,39.0,2.0
1542,1,1,550,1,50,IVN,1,0,10,10,2.12,2.0,40.0,3.0
1543,1,1,550,1,50,IVN,1,0,10,10,2.12,2.0,41.0,3.0
1544,1,1,550,1,50,IVN,1,0,10,10,2.12,2.0,42.0,1.0
1545,1,1,550,1,50,IVN,1,0,10,10,2.12,2.0,43.0,3.0
1546,1,1,550,1,50,IVN,1,0,10,10,2.12,2.0,44.0,1.0
1547,1,1,550,1,50,IVN,1,0,10,10,2.12,2.0,45.0,2.0
1548,1,1,550,1,50,IVN,1,0,10,10,2.12,2.0,46.0,2.0
1549,1,1,550,1,50,IVN,1,0,10,10,2.12,2.0,47.0,1.0
1550,1,1,550,1,50,IVN,1,0,10,10,2.12,2.0,48.0,2.0
1551,1,1,550,1,50,IVN,1,0,10,10,2.12,2.0,49.0,3.0
1552,1,1,600,1,50,IVN,1,0,10,10,2.12,2.0,0.0,2.0
1553,1,1,600,1,50,IVN,1,0,10,10,2.12,2.0,1.0,2.0
1554,1,1,600,1,50,IVN,1,0,10,10,2.12,2.0,2.0,3.0
1555,1,1,600,1,50,IVN,1,0,10,10,2.12,2.0,3.0,2.0
1556,1,1,600,1,50,IVN,1,0,10,10,2.12,2.0,4.0,1.0
1557,1,1,600,1,50,IVN,1,0,10,10,2.12,2.0,5.0,1.0
1558,1,1,600,1,50,IVN,1,0,10,10,2.12,2.0,6.0,2.0
1559,1,1,600,1,50,IVN,1,0,10,10,2.12,2.0,7.0,1.0
1560,1,1,600,1,50,IVN,1,0,10,10,2.12,2.0,8.0,1.0
1561,1,1,600,1,50,IVN,1,0,10,10,2.12,2.0,9.0,1.0
1562,1,1,600,1,50,IVN,1,0,10,10,2.12,2.0,10.0,1.0
1563,1,1,600,1,50,IVN,1,0,10,10,2.12,2.0,11.0,3.0
1564,1,1,600,1,50,IVN,1,0,10,10,2.12,2.0,12.0,3.0
1565,1,1,600,1,50,IVN,1,0,10,10,2.12,2.0,13.0,3.0
1566,1,1,600,1,50,IVN,1,0,10,10,2.12,2.0,14.0,3.0
1567,1,1,600,1,50,IVN,1,0,10,10,2.12,2.0,15.0,3.0
1568,1,1,600,1,50,IVN,1,0,10,10,2.12,2.0,16.0,2.0
1569,1,1,600,1,50,IVN,1,0,10,10,2.12,2.0,17.0,2.0
1570,1,1,600,1,50,IVN,1,0,10,10,2.12,2.0,18.0,2.0
1571,1,1,600,1,50,IVN,1,0,10,10,2.12,2.0,19.0,1.0
1572,1,1,600,1,50,IVN,1,0,10,10,2.12,2.0,20.0,3.0
1573,1,1,600,1,50,IVN,1,0,10,10,2.12,2.0,21.0,2.0
1574,1,1,600,1,50,IVN,1,0,10,10,2.12,2.0,22.0,1.0
1575,1,1,600,1,50,IVN,1,0,10,10,2.12,2.0,23.0,2.0
1576,1,1,600,1,50,IVN,1,0,10,10,2.12,2.0,24.0,2.0
1577,1,1,600,1,50,IVN,1,0,10,10,2.12,2.0,25.0,2.0
1578,1,1,600,1,50,IVN,1,0,10,10,2.12,2.0,26.0,3.0
1579,1,1,600,1,50,IVN,1,0,10,10,2.12,2.0,27.0,2.0
1580,1,1,600,1,50,IVN,1,0,10,10,2.12,2.0,28.0,2.0
1581,1,1,600,1,50,IVN,1,0,10,10,2.12,2.0,29.0,3.0
1582,1,1,600,1,50,IVN,1,0,10,10,2.12,2.0,30.0,3.0
1583,1,1,600,1,50,IVN,1,0,10,10,2.12,2.0,31.0,3.0
1584,1,1,600,1,50,IVN,1,0,10,10,2.12,2.0,32.0,3.0
1585,1,1,600,1,50,IVN,1,0,10,10,2.12,2.0,33.0,2.0
1586,1,1,600,1,50,IVN,1,0,10,10,2.12,2.0,34.0,3.0
1587,1,1,600,1,50,IVN,1,0,10,10,2.12,2.0,35.0,2.0
1588,1,1,600,1,50,IVN,1,0,10,10,2.12,2.0,36.0,1.0
1589,1,1,600,1,50,IVN,1,0,10,10,2.12,2.0,37.0,3.0
1590,1,1,600,1,50,IVN,1,0,10,10,2.12,2.0,38.0,2.0
1591,1,1,600,1,50,IVN,1,0,10,10,2.12,2.0,39.0,2.0
1592,1,1,600,1,50,IVN,1,0,10,10,2.12,2.0,40.0,3.0
1593,1,1,600,1,50,IVN,1,0,10,10,2.12,2.0,41.0,3.0
1594,1,1,600,1,50,IVN,1,0,10,10,2.12,2.0,42.0,1.0
1595,1,1,600,1,50,IVN,1,0,10,10,2.12,2.0,43.0,3.0
1596,1,1,600,1,50,IVN,1,0,10,10,2.12,2.0,44.0,1.0
1597,1,1,600,1,50,IVN,1,0,10,10,2.12,2.0,45.0,2.0
1598,1,1,600,1,50,IVN,1,0,10,10,2.12,2.0,46.0,2.0
1599,1,1,600,1,50,IVN,1,0,10,10,2.12,2.0,47.0,1.0
1600,1,1,600,1,50,IVN,1,0,10,10,2.12,2.0,48.0,2.0
1601,1,1,600,1,50,IVN,1,0,10,10,2.12,2.0,49.0,3.0
1602,1,1,650,1,50,IVN,1,0,10,10,2.12,2.0,0.0,2.0
1603,1,1,650,1,50,IVN,1,0,10,10,2.12,2.0,1.0,2.0
1604,1,1,650,1,50,IVN,1,0,10,10,2.12,2.0,2.0,3.0
1605,1,1,650,1,50,IVN,1,0,10,10,2.12,2.0,3.0,2.0
1606,1,1,650,1,50,IVN,1,0,10,10,2.12,2.0,4.0,1.0
1607,1,1,650,1,50,IVN,1,0,10,10,2.12,2.0,5.0,1.0
1608,1,1,650,1,50,IVN,1,0,10,10,2.12,2.0,6.0,2.0
1609,1,1,650,1,50,IVN,1,0,10,10,2.12,2.0,7.0,1.0
1610,1,1,650,1,50,IVN,1,0,10,10,2.12,2.0,8.0,1.0
1611,1,1,650,1,50,IVN,1,0,10,10,2.12,2.0,9.0,1.0
1612,1,1,650,1,50,IVN,1,0,10,10,2.12,2.0,10.0,1.0
1613,1,1,650,1,50,IVN,1,0,10,10,2.12,2.0,11.0,3.0
1614,1,1,650,1,50,IVN,1,0,10,10,2.12,2.0,12.0,3.0
1615,1,1,650,1,50,IVN,1,0,10,10,2.12,2.0,13.0,3.0
1616,1,1,650,1,50,IVN,1,0,10,10,2.12,2.0,14.0,3.0
1617,1,1,650,1,50,IVN,1,0,10,10,2.12,2.0,15.0,3.0
1618,1,1,650,1,50,IVN,1,0,10,10,2.12,2.0,16.0,2.0
1619,1,1,650,1,50,IVN,1,0,10,10,2.12,2.0,17.0,2.0
1620,1,1,650,1,50,IVN,1,0,10,10,2.12,2.0,18.0,2.0
1621,1,1,650,1,50,IVN,1,0,10,10,2.12,2.0,19.0,1.0
1622,1,1,650,1,50,IVN,1,0,10,10,2.12,2.0,20.0,3.0
1623,1,1,650,1,50,IVN,1,0,10,10,2.12,2.0,21.0,2.0
1624,1,1,650,1,50,IVN,1,0,10,10,2.12,2.0,22.0,1.0
1625,1,1,650,1,50,IVN,1,0,10,10,2.12,2.0,23.0,2.0
1626,1,1,650,1,50,IVN,1,0,10,10,2.12,2.0,24.0,2.0
1627,1,1,650,1,50,IVN,1,0,10,10,2.12,2.0,25.0,2.0
1628,1,1,650,1,50,IVN,1,0,10,10,2.12,2.0,26.0,3.0
1629,1,1,650,1,50,IVN,1,0,10,10,2.12,2.0,27.0,2.0
1630,1,1,650,1,50,IVN,1,0,10,10,2.12,2.0,28.0,2.0
1631,1,1,650,1,50,IVN,1,0,10,10,2.12,2.0,29.0,3.0
1632,1,1,650,1,50,IVN,1,0,10,10,2.12,2.0,30.0,3.0
1633,1,1,650,1,50,IVN,1,0,10,10,2.12,2.0,31.0,3.0
1634,1,1,650,1,50,IVN,1,0,10,10,2.12,2.0,32.0,3.0
1635,1,1,650,1,50,IVN,1,0,10,10,2.12,2.0,33.0,2.0
1636,1,1,650,1,50,IVN,1,0,10,10,2.12,2.0,34.0,3.0
1637,1,1,650,1,50,IVN,1,0,10,10,2.12,2.0,35.0,2.0
1638,1,1,650,1,50,IVN,1,0,10,10,2.12,2.0,36.0,1.0
1639,1,1,650,1,50,IVN,1,0,10,10,2.12,2.0,37.0,3.0
1640,1,1,650,1,50,IVN,1,0,10,10,2.12,2.0,38.0,2.0
1641,1,1,650,1,50,IVN,1,0,10,10,2.12,2.0,39.0,2.0
1642,1,1,650,1,50,IVN,1,0,10,10,2.12,2.0,40.0,3.0
1643,1,1,650,1,50,IVN,1,0,10,10,2.12,2.0,41.0,3.0
1644,1,1,650,1,50,IVN,1,0,10,10,2.12,2.0,42.0,1.0
1645,1,1,650,1,50,IVN,1,0,10,10,2.12,2.0,43.0,3.0
1646,1,1,650,1,50,IVN,1,0,10,10,2.12,2.0,44.0,1.0
1647,1,1,650,1,50,IVN,1,0,10,10,2.12,2.0,45.0,2.0
1648,1,1,650,1,50,IVN,1,0,10,10,2.12,2.0,46.0,2.0
1649,1,1,650,1,50,IVN,1,0,10,10,2.12,2.0,47.0,1.0
1650,1,1,650,1,50,IVN,1,0,10,10,2.12,2.0,48.0,2.0
1651,1,1,650,1,50,IVN,1,0,10,10,2.12,2.0,49.0,3.0
1652,1,1,700,1,50,IVN,1,0,10,10,2.12,2.0,0.0,2.0
1653,1,1,700,1,50,IVN,1,0,10,10,2.12,2.0,1.0,2.0
1654,1,1,700,1,50,IVN,1,0,10,10,2.12,2.0,2.0,3.0
1655,1,1,700,1,50,IVN,1,0,10,10,2.12,2.0,3.0,2.0
1656,1,1,700,1,50,IVN,1,0,10,10,2.12,2.0,4.0,1.0
1657,1,1,700,1,50,IVN,1,0,10,10,2.12,2.0,5.0,1.0
1658,1,1,700,1,50,IVN,1,0,10,10,2.12,2.0,6.0,2.0
1659,1,1,700,1,50,IVN,1,0,10,10,2.12,2.0,7.0,1.0
1660,1,1,700,1,50,IVN,1,0,10,10,2.12,2.0,8.0,1.0
1661,1,1,700,1,50,IVN,1,0,10,10,2.12,2.0,9.0,1.0
1662,1,1,700,1,50,IVN,1,0,10,10,2.12,2.0,10.0,1.0
1663,1,1,700,1,50,IVN,1,0,10,10,2.12,2.0,11.0,3.0
1664,1,1,700,1,50,IVN,1,0,10,10,2.12,2.0,12.0,3.0
1665,1,1,700,1,50,IVN,1,0,10,10,2.12,2.0,13.0,3.0
1666,1,1,700,1,50,IVN,1,0,10,10,2.12,2.0,14.0,3.0
1667,1,1,700,1,50,IVN,1,0,10,10,2.12,2.0,15.0,3.0
1668,1,1,700,1,50,IVN,1,0,10,10,2.12,2.0,16.0,2.0
1669,1,1,700,1,50,IVN,1,0,10,10,2.12,2.0,17.0,2.0
1670,1,1,700,1,50,IVN,1,0,10,10,2.12,2.0,18.0,2.0
1671,1,1,700,1,50,IVN,1,0,10,10,2.12,2.0,19.0,1.0
1672,1,1,700,1,50,IVN,1,0,10,10,2.12,2.0,20.0,3.0
1673,1,1,700,1,50,IVN,1,0,10,10,2.12,2.0,21.0,2.0
1674,1,1,700,1,50,IVN,1,0,10,10,2.12,2.0,22.0,1.0
1675,1,1,700,1,50,IVN,1,0,10,10,2.12,2.0,23.0,2.0
1676,1,1,700,1,50,IVN,1,0,10,10,2.12,2.0,24.0,2.0
1677,1,1,700,1,50,IVN,1,0,10,10,2.12,2.0,25.0,2.0
1678,1,1,700,1,50,IVN,1,0,10,10,2.12,2.0,26.0,3.0
1679,1,1,700,1,50,IVN,1,0,10,10,2.12,2.0,27.0,2.0
1680,1,1,700,1,50,IVN,1,0,10,10,2.12,2.0,28.0,2.0
1681,1,1,700,1,50,IVN,1,0,10,10,2.12,2.0,29.0,3.0
1682,1,1,700,1,50,IVN,1,0,10,10,2.12,2.0,30.0,3.0
1683,1,1,700,1,50,IVN,1,0,10,10,2.12,2.0,31.0,3.0
1684,1,1,700,1,50,IVN,1,0,10,10,2.12,2.0,32.0,3.0
1685,1,1,700,1,50,IVN,1,0,10,10,2.12,2.0,33.0,2.0
1686,1,1,700,1,50,IVN,1,0,10,10,2.12,2.0,34.0,3.0
1687,1,1,700,1,50,IVN,1,0,10,10,2.12,2.0,35.0,2.0
1688,1,1,700,1,50,IVN,1,0,10,10,2.12,2.0,36.0,1.0
1689,1,1,700,1,50,IVN,1,0,10,10,2.12,2.0,37.0,3.0
1690,1,1,700,1,50,IVN,1,0,10,10,2.12,2.0,38.0,2.0
1691,1,1,700,1,50,IVN,1,0,10,10,2.12,2.0,39.0,2.0
1692,1,1,700,1,50,IVN,1,0,10,10,2.12,2.0,40.0,3.0
1693,1,1,700,1,50,IVN,1,0,10,10,2.12,2.0,41.0,3.0
1694,1,1,700,1,50,IVN,1,0,10,10,2.12,2.0,42.0,1.0
1695,1,1,700,1,50,IVN,1,0,10,10,2.12,2.0,43.0,3.0
1696,1,1,700,1,50,IVN,1,0,10,10,2.12,2.0,44.0,1.0
1697,1,1,700,1,50,IVN,1,0,10,10,2.12,2.0,45.0,2.0
1698,1,1,700,1,50,IVN,1,0,10,10,2.12,2.0,46.0,2.0
1699,1,1,700,1,50,IVN,1,0,10,10,2.12,2.0,47.0,1.0
1700,1,1,700,1,50,IVN,1,0,10,10,2.12,2.0,48.0,2.0
1701,1,1,700,1,50,IVN,1,0,10,10,2.12,2.0,49.0,3.0
1702,1,1,750,1,50,IVN,1,0,10,10,2.12,2.0,0.0,2.0
1703,1,1,750,1,50,IVN,1,0,10,10,2.12,2.0,1.0,2.0
1704,1,1,750,1,50,IVN,1,0,10,10,2.12,2.0,2.0,3.0
1705,1,1,750,1,50,IVN,1,0,10,10,2.12,2.0,3.0,2.0
1706,1,1,750,1,50,IVN,1,0,10,10,2.12,2.0,4.0,1.0
1707,1,1,750,1,50,IVN,1,0,10,10,2.12,2.0,5.0,1.0
1708,1,1,750,1,50,IVN,1,0,10,10,2.12,2.0,6.0,2.0
1709,1,1,750,1,50,IVN,1,0,10,10,2.12,2.0,7.0,1.0
1710,1,1,750,1,50,IVN,1,0,10,10,2.12,2.0,8.0,1.0
1711,1,1,750,1,50,IVN,1,0,10,10,2.12,2.0,9.0,1.0
1712,1,1,750,1,50,IVN,1,0,10,10,2.12,2.0,10.0,1.0
1713,1,1,750,1,50,IVN,1,0,10,10,2.12,2.0,11.0,3.0
1714,1,1,750,1,50,IVN,1,0,10,10,2.12,2.0,12.0,3.0
1715,1,1,750,1,50,IVN,1,0,10,10,2.12,2.0,13.0,3.0
1716,1,1,750,1,50,IVN,1,0,10,10,2.12,2.0,14.0,3.0
1717,1,1,750,1,50,IVN,1,0,10,10,2.12,2.0,15.0,3.0
1718,1,1,750,1,50,IVN,1,0,10,10,2.12,2.0,16.0,2.0
1719,1,1,750,1,50,IVN,1,0,10,10,2.12,2.0,17.0,2.0
1720,1,1,750,1,50,IVN,1,0,10,10,2.12,2.0,18.0,2.0
1721,1,1,750,1,50,IVN,1,0,10,10,2.12,2.0,19.0,1.0
1722,1,1,750,1,50,IVN,1,0,10,10,2.12,2.0,20.0,3.0
1723,1,1,750,1,50,IVN,1,0,10,10,2.12,2.0,21.0,2.0
1724,1,1,750,1,50,IVN,1,0,10,10,2.12,2.0,22.0,1.0
1725,1,1,750,1,50,IVN,1,0,10,10,2.12,2.0,23.0,2.0
1726,1,1,750,1,50,IVN,1,0,10,10,2.12,2.0,24.0,2.0
1727,1,1,750,1,50,IVN,1,0,10,10,2.12,2.0,25.0,2.0
1728,1,1,750,1,50,IVN,1,0,10,10,2.12,2.0,26.0,3.0
1729,1,1,750,1,50,IVN,1,0,10,10,2.12,2.0,27.0,2.0
1730,1,1,750,1,50,IVN,1,0,10,10,2.12,2.0,28.0,2.0
1731,1,1,750,1,50,IVN,1,0,10,10,2.12,2.0,29.0,3.0
1732,1,1,750,1,50,IVN,1,0,10,10,2.12,2.0,30.0,3.0
1733,1,1,750,1,50,IVN,1,0,10,10,2.12,2.0,31.0,3.0
1734,1,1,750,1,50,IVN,1,0,10,10,2.12,2.0,32.0,3.0
1735,1,1,750,1,50,IVN,1,0,10,10,2.12,2.0,33.0,2.0
1736,1,1,750,1,50,IVN,1,0,10,10,2.12,2.0,34.0,3.0
1737,1,1,750,1,50,IVN,1,0,10,10,2.12,2.0,35.0,2.0
1738,1,1,750,1,50,IVN,1,0,10,10,2.12,2.0,36.0,1.0
1739,1,1,750,1,50,IVN,1,0,10,10,2.12,2.0,37.0,3.0
1740,1,1,750,1,50,IVN,1,0,10,10,2.12,2.0,38.0,2.0
1741,1,1,750,1,50,IVN,1,0,10,10,2.12,2.0,39.0,2.0
1742,1,1,750,1,50,IVN,1,0,10,10,2.12,2.0,40.0,3.0
1743,1,1,750,1,50,IVN,1,0,10,10,2.12,2.0,41.0,3.0
1744,1,1,750,1,50,IVN,1,0,10,10,2.12,2.0,42.0,1.0
1745,1,1,750,1,50,IVN,1,0,10,10,2.12,2.0,43.0,3.0
1746,1,1,750,1,50,IVN,1,0,10,10,2.12,2.0,44.0,1.0
1747,1,1,750,1,50,IVN,1,0,10,10,2.12,2.0,45.0,2.0
1748,1,1,750,1,50,IVN,1,0,10,10,2.12,2.0,46.0,2.0
1749,1,1,750,1,50,IVN,1,0,10,10,2.12,2.0,47.0,1.0
1750,1,1,750,1,50,IVN,1,0,10,10,2.12,2.0,48.0,2.0
1751,1,1,750,1,50,IVN,1,0,10,10,2.12,2.0,49.0,3.0
1752,1,1,800,1,50,IVN,1,0,10,10,2.12,2.0,0.0,2.0
1753,1,1,800,1,50,IVN,1,0,10,10,2.12,2.0,1.0,2.0
1754,1,1,800,1,50,IVN,1,0,10,10,2.12,2.0,2.0,3.0
1755,1,1,800,1,50,IVN,1,0,10,10,2.12,2.0,3.0,2.0
1756,1,1,800,1,50,IVN,1,0,10,10,2.12,2.0,4.0,1.0
1757,1,1,800,1,50,IVN,1,0,10,10,2.12,2.0,5.0,1.0
1758,1,1,800,1,50,IVN,1,0,10,10,2.12,2.0,6.0,2.0
1759,1,1,800,1,50,IVN,1,0,10,10,2.12,2.0,7.0,1.0
1760,1,1,800,1,50,IVN,1,0,10,10,2.12,2.0,8.0,1.0
1761,1,1,800,1,50,IVN,1,0,10,10,2.12,2.0,9.0,1.0
1762,1,1,800,1,50,IVN,1,0,10,10,2.12,2.0,10.0,1.0
1763,1,1,800,1,50,IVN,1,0,10,10,2.12,2.0,11.0,3.0
1764,1,1,800,1,50,IVN,1,0,10,10,2.12,2.0,12.0,3.0
1765,1,1,800,1,50,IVN,1,0,10,10,2.12,2.0,13.0,3.0
1766,1,1,800,1,50,IVN,1,0,10,10,2.12,2.0,14.0,3.0
1767,1,1,800,1,50,IVN,1,0,10,10,2.12,2.0,15.0,3.0
1768,1,1,800,1,50,IVN,1,0,10,10,2.12,2.0,16.0,2.0
1769,1,1,800,1,50,IVN,1,0,10,10,2.12,2.0,17.0,2.0
1770,1,1,800,1,50,IVN,1,0,10,10,2.12,2.0,18.0,2.0
1771,1,1,800,1,50,IVN,1,0,10,10,2.12,2.0,19.0,1.0
1772,1,1,800,1,50,IVN,1,0,10,10,2.12,2.0,20.0,3.0
1773,1,1,800,1,50,IVN,1,0,10,10,2.12,2.0,21.0,2.0
1774,1,1,800,1,50,IVN,1,0,10,10,2.12,2.0,22.0,1.0
1775,1,1,800,1,50,IVN,1,0,10,10,2.12,2.0,23.0,2.0
1776,1,1,800,1,50,IVN,1,0,10,10,2.12,2.0,24.0,2.0
1777,1,1,800,1,50,IVN,1,0,10,10,2.12,2.0,25.0,2.0
1778,1,1,800,1,50,IVN,1,0,10,10,2.12,2.0,26.0,3.0
1779,1,1,800,1,50,IVN,1,0,10,10,2.12,2.0,27.0,2.0
1780,1,1,800,1,50,IVN,1,0,10,10,2.12,2.0,28.0,2.0
1781,1,1,800,1,50,IVN,1,0,10,10,2.12,2.0,29.0,3.0
1782,1,1,800,1,50,IVN,1,0,10,10,2.12,2.0,30.0,3.0
1783,1,1,800,1,50,IVN,1,0,10,10,2.12,2.0,31.0,3.0
1784,1,1,800,1,50,IVN,1,0,10,10,2.12,2.0,32.0,3.0
1785,1,1,800,1,50,IVN,1,0,10,10,2.12,2.0,33.0,2.0
1786,1,1,800,1,50,IVN,1,0,10,10,2.12,2.0,34.0,3.0
1787,1,1,800,1,50,IVN,1,0,10,10,2.12,2.0,35.0,2.0
1788,1,1,800,1,50,IVN,1,0,10,10,2.12,2.0,36.0,1.0
1789,1,1,800,1,50,IVN,1,0,10,10,2.12,2.0,37.0,3.0
1790,1,1,800,1,50,IVN,1,0,10,10,2.12,2.0,38.0,2.0
1791,1,1,800,1,50,IVN,1,0,10,10,2.12,2.0,39.0,2.0
1792,1,1,800,1,50,IVN,1,0,10,10,2.12,2.0,40.0,3.0
1793,1,1,800,1,50,IVN,1,0,10,10,2.12,2.0,41.0,3.0
1794,1,1,800,1,50,IVN,1,0,10,10,2.12,2.0,42.0,1.0
1795,1,1,800,1,50,IVN,1,0,10,10,2.12,2.0,43.0,3.0
1796,1,1,800,1,50,IVN,1,0,10,10,2.12,2.0,44.0,1.0
1797,1,1,800,1,50,IVN,1,0,10,10,2.12,2.0,45.0,2.0
1798,1,1,800,1,50,IVN,1,0,10,10,2.12,2.0,46.0,2.0
1799,1,1,800,1,50,IVN,1,0,10,10,2.12,2.0,47.0,1.0
1800,1,1,800,1,50,IVN,1,0,10,10,2.12,2.0,48.0,2.0
1801,1,1,800,1,50,IVN,1,0,10,10,2.12,2.0,49.0,3.0
1802,1,1,850,1,50,IVN,1,0,10,10,2.12,2.0,0.0,2.0
1803,1,1,850,1,50,IVN,1,0,10,10,2.12,2.0,1.0,2.0
1804,1,1,850,1,50,IVN,1,0,10,10,2.12,2.0,2.0,3.0
1805,1,1,850,1,50,IVN,1,0,10,10,2.12,2.0,3.0,2.0
1806,1,1,850,1,50,IVN,1,0,10,10,2.12,2.0,4.0,1.0
1807,1,1,850,1,50,IVN,1,0,10,10,2.12,2.0,5.0,1.0
1808,1,1,850,1,50,IVN,1,0,10,10,2.12,2.0,6.0,2.0
1809,1,1,850,1,50,IVN,1,0,10,10,2.12,2.0,7.0,1.0
1810,1,1,850,1,50,IVN,1,0,10,10,2.12,2.0,8.0,1.0
1811,1,1,850,1,50,IVN,1,0,10,10,2.12,2.0,9.0,1.0
1812,1,1,850,1,50,IVN,1,0,10,10,2.12,2.0,10.0,1.0
1813,1,1,850,1,50,IVN,1,0,10,10,2.12,2.0,11.0,3.0
1814,1,1,850,1,50,IVN,1,0,10,10,2.12,2.0,12.0,3.0
1815,1,1,850,1,50,IVN,1,0,10,10,2.12,2.0,13.0,3.0
1816,1,1,850,1,50,IVN,1,0,10,10,2.12,2.0,14.0,3.0
1817,1,1,850,1,50,IVN,1,0,10,10,2.12,2.0,15.0,3.0
1818,1,1,850,1,50,IVN,1,0,10,10,2.12,2.0,16.0,2.0
1819,1,1,850,1,50,IVN,1,0,10,10,2.12,2.0,17.0,2.0
1820,1,1,850,1,50,IVN,1,0,10,10,2.12,2.0,18.0,2.0
1821,1,1,850,1,50,IVN,1,0,10,10,2.12,2.0,19.0,1.0
1822,1,1,850,1,50,IVN,1,0,10,10,2.12,2.0,20.0,3.0
1823,1,1,850,1,50,IVN,1,0,10,10,2.12,2.0,21.0,2.0
1824,1,1,850,1,50,IVN,1,0,10,10,2.12,2.0,22.0,1.0
1825,1,1,850,1,50,IVN,1,0,10,10,2.12,2.0,23.0,2.0
1826,1,1,850,1,50,IVN,1,0,10,10,2.12,2.0,24.0,2.0
1827,1,1,850,1,50,IVN,1,0,10,10,2.12,2.0,25.0,2.0
1828,1,1,850,1,50,IVN,1,0,10,10,2.12,2.0,26.0,3.0
1829,1,1,850,1,50,IVN,1,0,10,10,2.12,2.0,27.0,2.0
1830,1,1,850,1,50,IVN,1,0,10,10,2.12,2.0,28.0,2.0
1831,1,1,850,1,50,IVN,1,0,10,10,2.12,2.0,29.0,3.0
1832,1,1,850,1,50,IVN,1,0,10,10,2.12,2.0,30.0,3.0
1833,1,1,850,1,50,IVN,1,0,10,10,2.12,2.0,31.0,3.0
1834,1,1,850,1,50,IVN,1,0,10,10,2.12,2.0,32.0,3.0
1835,1,1,850,1,50,IVN,1,0,10,10,2.12,2.0,33.0,2.0
1836,1,1,850,1,50,IVN,1,0,10,10,2.12,2.0,34.0,3.0
1837,1,1,850,1,50,IVN,1,0,10,10,2.12,2.0,35.0,2.0
1838,1,1,850,1,50,IVN,1,0,10,10,2.12,2.0,36.0,1.0
1839,1,1,850,1,50,IVN,1,0,10,10,2.12,2.0,37.0,3.0
1840,1,1,850,1,50,IVN,1,0,10,10,2.12,2.0,38.0,2.0
1841,1,1,850,1,50,IVN,1,0,10,10,2.12,2.0,39.0,2.0
1842,1,1,850,1,50,IVN,1,0,10,10,2.12,2.0,40.0,3.0
1843,1,1,850,1,50,IVN,1,0,10,10,2.12,2.0,41.0,3.0
1844,1,1,850,1,50,IVN,1,0,10,10,2.12,2.0,42.0,1.0
1845,1,1,850,1,50,IVN,1,0,10,10,2.12,2.0,43.0,3.0
1846,1,1,850,1,50,IVN,1,0,10,10,2.12,2.0,44.0,1.0
1847,1,1,850,1,50,IVN,1,0,10,10,2.12,2.0,45.0,2.0
1848,1,1,850,1,50,IVN,1,0,10,10,2.12,2.0,46.0,2.0
1849,1,1,850,1,50,IVN,1,0,10,10,2.12,2.0,47.0,1.0
1850,1,1,850,1,50,IVN,1,0,10,10,2.12,2.0,48.0,2.0
1851,1,1,850,1,50,IVN,1,0,10,10,2.12,2.0,49.0,3.0
1852,1,1,900,1,50,IVN,1,0,10,10,2.12,2.0,0.0,2.0
1853,1,1,900,1,50,IVN,1,0,10,10,2.12,2.0,1.0,2.0
1854,1,1,900,1,50,IVN,1,0,10,10,2.12,2.0,2.0,3.0
1855,1,1,900,1,50,IVN,1,0,10,10,2.12,2.0,3.0,2.0
1856,1,1,900,1,50,IVN,1,0,10,10,2.12,2.0,4.0,1.0
1857,1,1,900,1,50,IVN,1,0,10,10,2.12,2.0,5.0,1.0
1858,1,1,900,1,50,IVN,1,0,10,10,2.12,2.0,6.0,2.0
1859,1,1,900,1,50,IVN,1,0,10,10,2.12,2.0,7.0,1.0
1860,1,1,900,1,50,IVN,1,0,10,10,2.12,2.0,8.0,1.0
1861,1,1,900,1,50,IVN,1,0,10,10,2.12,2.0,9.0,1.0
1862,1,1,900,1,50,IVN,1,0,10,10,2.12,2.0,10.0,1.0
1863,1,1,900,1,50,IVN,1,0,10,10,2.12,2.0,11.0,3.0
1864,1,1,900,1,50,IVN,1,0,10,10,2.12,2.0,12.0,3.0
1865,1,1,900,1,50,IVN,1,0,10,10,2.12,2.0,13.0,3.0
1866,1,1,900,1,50,IVN,1,0,10,10,2.12,2.0,14.0,3.0
1867,1,1,900,1,50,IVN,1,0,10,10,2.12,2.0,15.0,3.0
1868,1,1,900,1,50,IVN,1,0,10,10,2.12,2.0,16.0,2.0
1869,1,1,900,1,50,IVN,1,0,10,10,2.12,2.0,17.0,2.0
1870,1,1,900,1,50,IVN,1,0,10,10,2.12,2.0,18.0,2.0
1871,1,1,900,1,50,IVN,1,0,10,10,2.12,2.0,19.0,1.0
1872,1,1,900,1,50,IVN,1,0,10,10,2.12,2.0,20.0,3.0
1873,1,1,900,1,50,IVN,1,0,10,10,2.12,2.0,21.0,2.0
1874,1,1,900,1,50,IVN,1,0,10,10,2.12,2.0,22.0,1.0
1875,1,1,900,1,50,IVN,1,0,10,10,2.12,2.0,23.0,2.0
1876,1,1,900,1,50,IVN,1,0,10,10,2.12,2.0,24.0,2.0
1877,1,1,900,1,50,IVN,1,0,10,10,2.12,2.0,25.0,2.0
1878,1,1,900,1,50,IVN,1,0,10,10,2.12,2.0,26.0,3.0
1879,1,1,900,1,50,IVN,1,0,10,10,2.12,2.0,27.0,2.0
1880,1,1,900,1,50,IVN,1,0,10,10,2.12,2.0,28.0,2.0
1881,1,1,900,1,50,IVN,1,0,10,10,2.12,2.0,29.0,3.0
1882,1,1,900,1,50,IVN,1,0,10,10,2.12,2.0,30.0,3.0
1883,1,1,900,1,50,IVN,1,0,10,10,2.12,2.0,31.0,3.0
1884,1,1,900,1,50,IVN,1,0,10,10,2.12,2.0,32.0,3.0
1885,1,1,900,1,50,IVN,1,0,10,10,2.12,2.0,33.0,2.0
1886,1,1,900,1,50,IVN,1,0,10,10,2.12,2.0,34.0,3.0
1887,1,1,900,1,50,IVN,1,0,10,10,2.12,2.0,35.0,2.0
1888,1,1,900,1,50,IVN,1,0,10,10,2.12,2.0,36.0,1.0
1889,1,1,900,1,50,IVN,1,0,10,10,2.12,2.0,37.0,3.0
1890,1,1,900,1,50,IVN,1,0,10,10,2.12,2.0,38.0,2.0
1891,1,1,900,1,50,IVN,1,0,10,10,2.12,2.0,39.0,2.0
1892,1,1,900,1,50,IVN,1,0,10,10,2.12,2.0,40.0,3.0
1893,1,1,900,1,50,IVN,1,0,10,10,2.12,2.0,41.0,3.0
1894,1,1,900,1,50,IVN,1,0,10,10,2.12,2.0,42.0,1.0
1895,1,1,900,1,50,IVN,1,0,10,10,2.12,2.0,43.0,3.0
1896,1,1,900,1,50,IVN,1,0,10,10,2.12,2.0,44.0,1.0
1897,1,1,900,1,50,IVN,1,0,10,10,2.12,2.0,45.0,2.0
1898,1,1,900,1,50,IVN,1,0,10,10,2.12,2.0,46.0,2.0
1899,1,1,900,1,50,IVN,1,0,10,10,2.12,2.0,47.0,1.0
1900,1,1,900,1,50,IVN,1,0,10,10,2.12,2.0,48.0,2.0
1901,1,1,900,1,50,IVN,1,0,10,10,2.12,2.0,49.0,3.0
1902,1,1,950,1,50,IVN,1,0,10,10,2.12,2.0,0.0,2.0
1903,1,1,950,1,50,IVN,1,0,10,10,2.12,2.0,1.0,2.0
1904,1,1,950,1,50,IVN,1,0,10,10,2.12,2.0,2.0,3.0
1905,1,1,950,1,50,IVN,1,0,10,10,2.12,2.0,3.0,2.0
1906,1,1,950,1,50,IVN,1,0,10,10,2.12,2.0,4.0,1.0
1907,1,1,950,1,50,IVN,1,0,10,10,2.12,2.0,5.0,1.0
1908,1,1,950,1,50,IVN,1,0,10,10,2.12,2.0,6.0,2.0
1909,1,1,950,1,50,IVN,1,0,10,10,2.12,2.0,7.0,1.0
1910,1,1,950,1,50,IVN,1,0,10,10,2.12,2.0,8.0,1.0
1911,1,1,950,1,50,IVN,1,0,10,10,2.12,2.0,9.0,1.0
1912,1,1,950,1,50,IVN,1,0,10,10,2.12,2.0,10.0,1.0
1913,1,1,950,1,50,IVN,1,0,10,10,2.12,2.0,11.0,3.0
1914,1,1,950,1,50,IVN,1,0,10,10,2.12,2.0,12.0,3.0
1915,1,1,950,1,50,IVN,1,0,10,10,2.12,2.0,13.0,3.0
1916,1,1,950,1,50,IVN,1,0,10,10,2.12,2.0,14.0,3.0
1917,1,1,950,1,50,IVN,1,0,10,10,2.12,2.0,15.0,3.0
1918,1,1,950,1,50,IVN,1,0,10,10,2.12,2.0,16.0,2.0
1919,1,1,950,1,50,IVN,1,0,10,10,2.12,2.0,17.0,2.0
1920,1,1,950,1,50,IVN,1,0,10,10,2.12,2.0,18.0,2.0
1921,1,1,950,1,50,IVN,1,0,10,10,2.12,2.0,19.0,1.0
1922,1,1,950,1,50,IVN,1,0,10,10,2.12,2.0,20.0,3.0
1923,1,1,950,1,50,IVN,1,0,10,10,2.12,2.0,21.0,2.0
1924,1,1,950,1,50,IVN,1,0,10,10,2.12,2.0,22.0,1.0
1925,1,1,950,1,50,IVN,1,0,10,10,2.12,2.0,23.0,2.0
1926,1,1,950,1,50,IVN,1,0,10,10,2.12,2.0,24.0,2.0
1927,1,1,950,1,50,IVN,1,0,10,10,2.12,2.0,25.0,2.0
1928,1,1,950,1,50,IVN,1,0,10,10,2.12,2.0,26.0,3.0
1929,1,1,950,1,50,IVN,1,0,10,10,2.12,2.0,27.0,2.0
1930,1,1,950,1,50,IVN,1,0,10,10,2.12,2.0,28.0,2.0
1931,1,1,950,1,50,IVN,1,0,10,10,2.12,2.0,29.0,3.0
1932,1,1,950,1,50,IVN,1,0,10,10,2.12,2.0,30.0,3.0
1933,1,1,950,1,50,IVN,1,0,10,10,2.12,2.0,31.0,3.0
1934,1,1,950,1,50,IVN,1,0,10,10,2.12,2.0,32.0,3.0
1935,1,1,950,1,50,IVN,1,0,10,10,2.12,2.0,33.0,2.0
1936,1,1,950,1,50,IVN,1,0,10,10,2.12,2.0,34.0,3.0
1937,1,1,950,1,50,IVN,1,0,10,10,2.12,2.0,35.0,2.0
1938,1,1,950,1,50,IVN,1,0,10,10,2.12,2.0,36.0,1.0
1939,1,1,950,1,50,IVN,1,0,10,10,2.12,2.0,37.0,3.0
1940,1,1,950,1,50,IVN,1,0,10,10,2.12,2.0,38.0,2.0
1941,1,1,950,1,50,IVN,1,0,10,10,2.12,2.0,39.0,2.0
1942,1,1,950,1,50,IVN,1,0,10,10,2.12,2.0,40.0,3.0
1943,1,1,950,1,50,IVN,1,0,10,10,2.12,2.0,41.0,3.0
1944,1,1,950,1,50,IVN,1,0,10,10,2.12,2.0,42.0,1.0
1945,1,1,950,1,50,IVN,1,0,10,10,2.12,2.0,43.0,3.0
1946,1,1,950,1,50,IVN,1,0,10,10,2.12,2.0,44.0,1.0
1947,1,1,950,1,50,IVN,1,0,10,10,2.12,2.0,45.0,2.0
1948,1,1,950,1,50,IVN,1,0,10,10,2.12,2.0,46.0,2.0
1949,1,1,950,1,50,IVN,1,0,10,10,2.12,2.0,47.0,1.0
1950,1,1,950,1,50,IVN,1,0,10,10,2.12,2.0,48.0,2.0
1951,1,1,950,1,50,IVN,1,0,10,10,2.12,2.0,49.0,3.0
1952,1,1,1000,1,50,IVN,1,0,10,10,2.12,2.0,0.0,2.0
1953,1,1,1000,1,50,IVN,1,0,10,10,2.12,2.0,1.0,2.0
1954,1,1,1000,1,50,IVN,1,0,10,10,2.12,2.0,2.0,3.0
1955,1,1,1000,1,50,IVN,1,0,10,10,2.12,2.0,3.0,2.0
1956,1,1,1000,1,50,IVN,1,0,10,10,2.12,2.0,4.0,1.0
1957,1,1,1000,1,50,IVN,1,0,10,10,2.12,2.0,5.0,1.0
1958,1,1,1000,1,50,IVN,1,0,10,10,2.12,2.0,6.0,2.0
1959,1,1,1000,1,50,IVN,1,0,10,10,2.12,2.0,7.0,1.0
1960,1,1,1000,1,50,IVN,1,0,10,10,2.12,2.0,8.0,1.0
1961,1,1,1000,1,50,IVN,1,0,10,10,2.12,2.0,9.0,1.0
1962,1,1,1000,1,50,IVN,1,0,10,10,2.12,2.0,10.0,1.0
1963,1,1,1000,1,50,IVN,1,0,10,10,2.12,2.0,11.0,3.0
1964,1,1,1000,1,50,IVN,1,0,10,10,2.12,2.0,12.0,3.0
1965,1,1,1000,1,50,IVN,1,0,10,10,2.12,2.0,13.0,3.0
1966,1,1,1000,1,50,IVN,1,0,10,10,2.12,2.0,14.0,3.0
1967,1,1,1000,1,50,IVN,1,0,10,10,2.12,2.0,15.0,3.0
1968,1,1,1000,1,50,IVN,1,0,10,10,2.12,2.0,16.0,2.0
1969,1,1,1000,1,50,IVN,1,0,10,10,2.12,2.0,17.0,2.0
1970,1,1,1000,1,50,IVN,1,0,10,10,2.12,2.0,18.0,2.0
1971,1,1,1000,1,50,IVN,1,0,10,10,2.12,2.0,19.0,1.0
1972,1,1,1000,1,50,IVN,1,0,10,10,2.12,2.0,20.0,3.0
1973,1,1,1000,1,50,IVN,1,0,10,10,2.12,2.0,21.0,2.0
1974,1,1,1000,1,50,IVN,1,0,10,10,2.12,2.0,22.0,1.0
1975,1,1,1000,1,50,IVN,1,0,10,10,2.12,2.0,23.0,2.0
1976,1,1,1000,1,50,IVN,1,0,10,10,2.12,2.0,24.0,2.0
1977,1,1,1000,1,50,IVN,1,0,10,10,2.12,2.0,25.0,2.0
1978,1,1,1000,1,50,IVN,1,0,10,10,2.12,2.0,26.0,3.0
1979,1,1,1000,1,50,IVN,1,0,10,10,2.12,2.0,27.0,2.0
1980,1,1,1000,1,50,IVN,1,0,10,10,2.12,2.0,28.0,2.0
1981,1,1,1000,1,50,IVN,1,0,10,10,2.12,2.0,29.0,3.0
1982,1,1,1000,1,50,IVN,1,0,10,10,2.12,2.0,30.0,3.0
1983,1,1,1000,1,50,IVN,1,0,10,10,2.12,2.0,31.0,3.0
1984,1,1,1000,1,50,IVN,1,0,10,10,2.12,2.0,32.0,3.0
1985,1,1,1000,1,50,IVN,1,0,10,10,2.12,2.0,33.0,2.0
1986,1,1,1000,1,50,IVN,1,0,10,10,2.12,2.0,34.0,3.0
1987,1,1,1000,1,50,IVN,1,0,10,10,2.12,2.0,35.0,2.0
1988,1,1,1000,1,50,IVN,1,0,10,10,2.12,2.0,36.0,1.0
1989,1,1,1000,1,50,IVN,1,0,10,10,2.12,2.0,37.0,3.0
1990,1,1,1000,1,50,IVN,1,0,10,10,2.12,2.0,38.0,2.0
1991,1,1,1000,1,50,IVN,1,0,10,10,2.12,2.0,39.0,2.0
1992,1,1,1000,1,50,IVN,1,0,10,10,2.12,2.0,40.0,3.0
1993,1,1,1000,1,50,IVN,1,0,10,10,2.12,2.0,41.0,3.0
1994,1,1,1000,1,50,IVN,1,0,10,10,2.12,2.0,42.0,1.0
1995,1,1,1000,1,50,IVN,1,0,10,10,2.12,2.0,43.0,3.0
1996,1,1,1000,1,50,IVN,1,0,10,10,2.12,2.0,44.0,1.0
1997,1,1,1000,1,50,IVN,1,0,10,10,2.12,2.0,45.0,2.0
1998,1,1,1000,1,50,IVN,1,0,10,10,2.12,2.0,46.0,2.0
1999,1,1,1000,1,50,IVN,1,0,10,10,2.12,2.0,47.0,1.0
2000,1,1,1000,1,50,IVN,1,0,10,10,2.12,2.0,48.0,2.0
2001,1,1,1000,1,50,IVN,1,0,10,10,2.12,2.0,49.0,3.0
